Loan_ID,Gender,Married,Dependents,Education,Self_Employed,ApplicantIncome,CoapplicantIncome,LoanAmount,Loan_Amount_Term,Credit_History,Loan_Status,Property_Rural,Property_Semiurban,Property_Urban,TotalIncome,LoanAmount_to_Income
LP001002,1,0,0,1,0,0.07299082285068836,-0.5544873301529852,-0.21124124943736647,360.0,1.0,1,False,False,True,-0.48149650730229687,0.43871813446975505
LP001003,1,1,1,1,0,-0.13441195378345122,-0.03873154846446157,-0.21124124943736647,360.0,1.0,0,True,False,False,-0.1731435022479128,1.2200356738476041
LP001005,1,1,0,1,1,-0.3937473372051281,-0.5544873301529852,-0.9489964681145835,360.0,1.0,1,False,False,True,-0.9482346673581133,1.0008033884255598
LP001006,1,1,0,0,0,-0.4620624697931504,0.2519796016915365,-0.3064354712021687,360.0,1.0,1,False,False,True,-0.21008286810161392,1.458640935223478
LP001008,1,0,0,1,0,0.09772843680942066,-0.5544873301529852,-0.05655063906956289,360.0,1.0,1,False,False,True,-0.45675889334356456,0.12380851231073167
LP001011,1,1,2,1,1,0.0022183113925933404,0.8805997122641535,1.4427583537260718,360.0,1.0,1,False,False,True,0.8828180236567468,1.6342647239461419
LP001013,1,1,0,0,0,-0.5030187842943628,-0.03599544352181688,-0.6039174142171756,360.0,1.0,1,False,False,True,-0.5390142278161796,1.1204108965062978
LP001014,1,1,3,1,0,-0.38784962791695354,0.30191351689480206,0.1457370821806418,360.0,0.0,0,False,True,False,-0.08593611102215148,-1.6958770934267156
LP001018,1,1,2,1,0,-0.22893912765224944,-0.03257531234351103,0.26472985938664456,360.0,1.0,1,False,False,True,-0.26151443999576046,-1.0122953799068848
LP001020,1,1,1,1,0,1.2184570268205968,3.196712546212882,2.4184991268152944,360.0,1.0,0,False,True,False,4.415169573033479,0.5477703827247669
LP001024,1,1,2,1,0,-0.3609822856041582,-0.31507814767157505,-0.9013993572321825,360.0,1.0,1,False,False,True,-0.6760604332757332,1.3333118059647548
LP001027,1,1,2,1,0,-0.4756599662075529,0.07481680665529297,-0.4373275261287717,360.0,1.0,1,False,False,True,-0.4008431595522599,1.0910190574719165
LP001028,1,1,2,1,0,-0.38178809337077413,2.2178710029817448,0.6455067464458534,360.0,1.0,1,False,False,True,1.8360829096109708,0.3515673192462879
LP001029,1,0,0,1,0,-0.5816549081366906,0.41682992448587897,-0.3778311375257703,360.0,1.0,0,True,False,False,-0.16482498365081166,2.2923171545778565
LP001030,1,1,2,1,0,-0.6724141010713773,-0.18306108418896885,-1.532061076423997,120.0,1.0,1,False,False,True,-0.8554751852603462,1.790888973544856
LP001032,1,0,0,1,0,-0.07428808409567142,-0.5544873301529852,-0.2469390825991673,360.0,1.0,1,False,False,True,-0.6287754142486567,0.3927301815613171
LP001034,1,0,1,0,0,-0.29610748343423776,-0.5544873301529852,-0.5444210256141742,240.0,1.0,1,False,False,True,-0.850594813587223,0.6400474314182346
LP001036,0,0,0,1,0,-0.31019645562265485,-0.5544873301529852,-0.8300036909085807,360.0,0.0,0,False,False,True,-0.8646837857756401,0.9598927429453872
LP001038,1,1,0,0,0,-0.08460907534997694,-0.5544873301529852,-0.1517448608343651,360.0,1.0,0,True,False,False,-0.6390964055029622,0.23743657377472413
LP001041,1,1,0,1,0,-0.45927744040706797,0.6425585822540657,-0.36593185980517007,360.0,1.0,1,False,False,True,0.18328114184699773,-1.9965603450389258
LP001043,1,1,0,0,0,0.369678365097471,-0.5544873301529852,-0.49682391473177306,360.0,0.0,0,False,False,True,-0.18480896505551425,2.688310681154096
LP001046,1,1,1,1,0,0.09035630019920242,1.3693364576440608,2.013923684314885,360.0,1.0,1,False,False,True,1.4596927578432632,1.3796901255374543
LP001047,1,1,0,0,0,-0.45927744040706797,0.09909973802126458,-0.3540325820845698,360.0,0.0,0,False,True,False,-0.3601777023858034,0.9829386431738318
LP001050,1,1,2,0,0,-0.33395111803335803,0.10115181672824809,-0.4016296929669709,360.0,0.0,0,True,False,False,-0.23279930130510995,1.7252186356031607
LP001052,1,1,1,1,0,-0.27628462721565095,0.44590103950147875,0.06244213813643986,360.0,1.0,0,False,True,False,0.1696164122858278,0.3681373594391088
LP001066,1,1,0,1,1,0.6809463553066852,-0.5544873301529852,0.5384132469604509,360.0,1.0,1,False,True,False,0.1264590251537,4.257610291602803
LP001068,1,1,0,1,0,-0.4266762140641029,0.216068224319325,-0.2826369157609681,360.0,1.0,1,False,True,False,-0.2106079897447779,1.3420047174063878
LP001073,1,1,2,0,0,-0.19289757089118253,-0.19879368760917582,-0.4254282484081714,360.0,1.0,1,False,False,True,-0.39169125850035835,1.086131587508436
LP001086,1,0,0,0,0,-0.6489870891766838,-0.5544873301529852,-1.317874077453192,360.0,1.0,0,False,False,True,-1.2034744193296691,1.0950578228220613
LP001087,0,0,2,1,0,-0.2708783937014909,0.15792599428812537,-0.3064354712021687,360.0,1.0,1,False,True,False,-0.11295239941336555,2.712961148179987
LP001091,1,1,1,1,0,-0.2027270863714735,0.5977548638182589,0.6574060241664537,360.0,1.0,0,False,False,True,0.3950277774467854,1.6642020174265175
LP001095,1,0,0,1,0,-0.36638851911831827,-0.5544873301529852,-0.8538022463497813,360.0,1.0,0,False,False,True,-0.9208758492713035,0.9271632511867934
LP001097,1,0,1,1,1,-0.11655500066092261,-0.5544873301529852,-0.4730253592905725,360.0,1.0,0,True,False,False,-0.6710423308139079,0.7049113559152663
LP001098,1,1,0,1,0,-0.3118347082027033,0.015648537270601597,-0.3778311375257703,360.0,1.0,1,False,True,False,-0.2961861709321017,1.2756542155115846
LP001100,1,0,3,1,0,1.162592613840943,0.4715520233387727,2.0734200729178864,360.0,1.0,0,True,False,False,1.6341446371797157,1.268810621620552
LP001106,1,1,0,1,0,-0.512520649258644,0.152453784402836,-0.21124124943736647,360.0,1.0,1,False,False,True,-0.3600668648558081,0.5866722824438729
LP001109,1,1,0,1,0,-0.5857505395868119,-0.09960988343830587,-0.5444210256141742,360.0,0.0,0,False,False,True,-0.6853604230251178,0.7943572568884995
LP001112,0,1,0,1,0,-0.28447589011589347,-0.055490191238160284,-0.020852805907762065,360.0,1.0,1,False,True,False,-0.33996608135405376,0.06133790119504643
LP001114,1,0,0,1,0,-0.2027270863714735,1.9114272494055395,0.45511830291624894,360.0,1.0,1,False,False,True,1.7087001630340661,0.26635351992248585
LP001116,1,0,0,0,0,-0.2712060442175006,0.015990550388432185,-0.4254282484081714,360.0,1.0,1,False,True,False,-0.25521549382906844,1.6669373870110864
LP001119,1,0,0,1,0,-0.2954521824022184,-0.5544873301529852,-0.7824065800261797,360.0,1.0,0,False,False,True,-0.8499395125552036,0.9205438369067026
LP001120,1,0,0,1,0,-0.5903376468109477,-0.13962541822448443,-1.1750827448059888,360.0,1.0,1,False,False,True,-0.7299630650354321,1.6097838385137349
LP001123,1,1,0,1,0,-0.4920424920080379,-0.5544873301529852,-0.841902968629181,360.0,1.0,1,False,False,True,-1.046529822161023,0.8044710726835289
LP001131,1,1,0,1,0,-0.23958776942256466,0.24445531309926363,-0.13984558311376483,360.0,1.0,1,False,True,False,0.004867543676698977,-10.0
LP001136,1,1,0,0,1,-0.11606352488690806,-0.5544873301529852,-0.5920181364965753,360.0,1.0,1,False,False,True,-0.6705508550398933,0.8828832773039327
LP001137,0,0,0,1,0,-0.3265789814231398,-0.5544873301529852,-0.6872123582613775,360.0,1.0,1,False,False,True,-0.881066311576125,0.7799780212139023
LP001138,1,1,1,1,0,0.04022577124971845,-0.5544873301529852,-1.2107805779677896,360.0,1.0,1,False,False,True,-0.5142615589032667,2.3544061519004944
LP001144,1,1,0,1,0,0.06840371562655258,-0.5544873301529852,-0.020852805907762065,360.0,1.0,1,False,False,True,-0.4860836145264327,0.04289962731633718
LP001146,0,1,0,1,0,-0.45190530379684973,0.6220377951842305,-0.3064354712021687,360.0,0.0,0,False,False,True,0.1701324913873808,-1.8011578429450887
LP001151,0,0,0,1,0,-0.22992207920027855,0.22359251291159787,-0.020852805907762065,360.0,1.0,1,False,True,False,-0.006329566288680671,3.2945078630511673
LP001155,0,1,0,0,0,-0.5693680137863268,0.00778223556049812,-0.5444210256141742,360.0,1.0,1,False,True,False,-0.5615857782258287,0.9694352078040834
LP001157,0,0,0,1,0,-0.3796583650167111,-0.5544873301529852,-0.3064354712021687,360.0,1.0,1,False,True,False,-0.9341456951696963,0.32803819873783374
LP001164,0,0,0,1,0,-0.19224226985916312,-0.5544873301529852,-0.4016296929669709,360.0,1.0,0,False,True,False,-0.7467296000121484,0.5378515770105228
LP001179,1,1,2,1,0,-0.1290057202692912,-0.5544873301529852,-0.13984558311376483,360.0,1.0,0,False,False,True,-0.6834930504222765,0.2046042502222448
LP001186,0,1,1,1,1,0.9987673558360934,-0.5544873301529852,1.6688446304174769,360.0,0.0,0,False,False,True,0.4442800256831082,3.756290028685229
LP001194,1,1,2,1,0,-0.4415843125425442,-0.1553580216446914,-0.580118858775975,360.0,1.0,1,False,True,False,-0.5969423341872356,0.9718172519391399
LP001195,1,1,0,1,0,-0.5359476611533376,-0.010344459684522937,-0.5920181364965753,360.0,1.0,1,False,True,False,-0.5462921208378605,1.0837024989278334
LP001197,1,1,0,1,0,-0.3337872927753532,0.19794152907430393,-0.12794630539316454,360.0,1.0,0,True,False,False,-0.13584576370104925,0.9418498001507889
LP001198,1,1,1,1,0,0.4384849734595078,0.21504218496583322,0.40752119203384785,360.0,1.0,1,False,False,True,0.653527158425341,0.6235719308372142
LP001199,1,1,2,0,0,-0.3352617200973968,0.4233281737246601,-0.020852805907762065,360.0,1.0,1,False,False,True,0.08806645362726329,-0.2367848942347615
LP001205,1,1,0,1,0,-0.4756599662075529,0.743794465131919,-0.3064354712021687,360.0,1.0,1,False,False,True,0.26813449892436614,-1.1428423885454824
LP001206,1,1,3,1,0,-0.38899640472298747,-0.5544873301529852,-0.5563203033347744,360.0,1.0,1,False,False,True,-0.9434837348759727,0.5896448266889376
LP001207,1,1,0,0,1,-0.4578030130850243,0.6251159132447058,0.2290320262248437,180.0,0.0,0,True,False,False,0.16731290015968153,1.368884443496336
LP001213,1,1,1,1,0,-0.07510721038569566,-0.5544873301529852,-0.21124124943736647,360.0,0.0,0,True,False,False,-0.6295945405386809,0.33551950634233346
LP001222,0,0,0,1,0,-0.2027270863714735,-0.5544873301529852,-0.3540325820845698,360.0,0.0,0,False,True,False,-0.7572144165244588,0.4675460138616288
LP001225,1,1,0,1,0,0.052840316116091864,1.0170629462785572,1.3356648542406693,360.0,1.0,0,False,True,False,1.0699032623946492,1.2483977768711487
LP001228,1,0,0,0,0,-0.3609822856041582,0.21641023743715557,-0.23503980487856702,180.0,0.0,0,False,False,True,-0.14457204816700261,1.6257624337386467
LP001233,1,1,1,1,0,0.8758984123324562,-0.5544873301529852,1.9782258511530841,360.0,1.0,1,False,False,True,0.321411082179471,6.154815315448499
LP001238,1,1,3,0,1,0.2779362206147552,-0.5544873301529852,-0.2469390825991673,60.0,1.0,1,False,False,True,-0.27655110953823003,0.8929238541530089
LP001241,0,0,0,1,0,-0.18077450179882365,-0.5544873301529852,-0.11604702767256427,360.0,0.0,0,False,True,False,-0.7352618319518089,0.15783088775941018
LP001243,1,1,0,1,0,-0.3596716835401194,0.4941248891155914,0.31232697026904566,360.0,1.0,1,False,False,True,0.13445320557547197,2.322941791772519
LP001245,1,1,2,0,1,-0.5780507524605839,0.08678726577936348,-0.580118858775975,360.0,1.0,1,False,True,False,-0.49126348668122044,1.1808711099109481
LP001248,1,0,0,1,0,-0.3118347082027033,-0.5544873301529852,-0.7705073023055794,300.0,1.0,1,False,True,False,-0.8663220383556886,0.8894005556733047
LP001250,1,1,3,0,0,-0.10623400940661709,-0.5544873301529852,-0.6039174142171756,360.0,0.0,0,False,True,False,-0.6607213395596023,0.914027409224759
LP001253,1,1,3,1,1,-0.02251930256613895,0.052243940878474296,0.49081613607804975,360.0,1.0,1,False,True,False,0.029724638312335346,10.0
LP001255,1,0,0,1,0,-0.2708783937014909,-0.5544873301529852,-0.3897304152463706,480.0,1.0,0,False,False,True,-0.8253657238544762,0.4721911802035114
LP001256,1,0,0,1,0,-0.2708783937014909,1.0700749795422981,0.35992408115144675,360.0,1.0,0,False,False,True,0.7991965858408072,0.45035738080985793
LP001259,1,1,1,1,1,-0.7213978532148273,0.4790763119310456,-0.4254282484081714,360.0,1.0,0,False,False,True,-0.2423215412837817,1.7556352858863433
LP001263,1,1,3,1,0,-0.36638851911831827,0.8135651411693586,0.40752119203384785,300.0,0.0,0,False,True,False,0.44717662205104036,0.9113204312083508
LP001264,1,1,3,0,1,-0.3391935262895132,0.18631308306806402,-0.18744269399616592,360.0,1.0,1,False,True,False,-0.1528804432214492,1.2260737217032585
LP001265,0,0,0,1,0,-0.25515116893302536,-0.5544873301529852,-0.41352897068757116,360.0,1.0,1,False,True,False,-0.8096384990860106,0.5107575432176189
LP001266,1,1,1,1,1,-0.49286161829806213,-0.5544873301529852,-0.21124124943736647,360.0,1.0,1,False,True,False,-1.0473489484510474,0.2016913749231112
LP001267,0,1,2,1,0,-0.6594719056889942,0.088839344486347,0.2528305816660443,360.0,1.0,0,False,False,True,-0.5706325612026472,-0.4430707233621343
LP001273,1,1,0,1,0,0.09772843680942066,0.21504218496583322,1.4189597982848712,360.0,1.0,0,False,True,False,0.3127706217752539,4.536742582250856
LP001275,1,1,1,1,0,-0.23188798229633673,-0.5544873301529852,-1.1393849116441879,240.0,1.0,1,False,False,True,-0.786375312449322,1.4489072757069996
LP001279,1,0,0,1,0,-0.4976125507802028,0.3111478710762279,-0.11604702767256427,360.0,1.0,1,False,True,False,-0.1864646797039749,0.6223539377902381
LP001280,1,1,2,0,0,-0.3391935262895132,0.12953890550818672,-0.5563203033347744,360.0,1.0,1,False,True,False,-0.2096546207813265,2.653508428583725
LP001282,1,1,0,1,0,-0.4756599662075529,0.16989645341219586,-0.49682391473177306,360.0,1.0,1,False,True,False,-0.3057635127953571,1.6248633141008222
LP001289,1,0,0,1,0,0.5181040488498647,-0.5544873301529852,0.7644995236518561,360.0,1.0,1,False,False,True,-0.03638328130312052,-10.0
LP001310,1,1,0,1,0,0.047761733117941525,0.8706813318470665,0.34802480343084646,360.0,1.0,1,False,True,False,0.918443064965008,0.37892909937112534
LP001316,1,1,0,1,0,-0.4006279980413318,0.43735071155571414,-0.17554341627556563,360.0,1.0,1,False,True,False,0.03672271351438233,-4.780240877537947
LP001318,1,1,2,1,0,0.13868475131063304,1.3792548380611478,0.50271541379865,180.0,1.0,1,False,True,False,1.5179395893717809,0.33118275412179304
LP001319,1,1,2,0,0,-0.3490230417698042,0.06797654429868126,-0.7705073023055794,360.0,1.0,1,False,False,True,-0.2810464974711229,2.7415652187045945
LP001322,1,0,0,1,0,-0.20813331988563355,-0.5544873301529852,-0.2826369157609681,360.0,1.0,1,False,True,False,-0.7626206500386188,0.37061272304474774
LP001325,1,0,0,0,0,-0.2921756772421214,-0.5544873301529852,-1.4368668546591947,120.0,1.0,1,False,True,False,-0.8466630073951067,1.697094171009011
LP001326,1,0,0,1,0,0.22583978856921302,-0.5544873301529852,-0.21124124943736647,360.0,1.0,0,False,False,True,-0.3286475415837722,0.6427592563735065
LP001327,0,1,0,1,0,-0.4782811703356305,0.2328268670930237,-0.10414774995196399,360.0,1.0,1,False,True,False,-0.2454543032426068,0.42430606665316617
LP001333,1,1,0,1,0,-0.5613405761440893,-0.213500251675891,-1.1393849116441879,360.0,1.0,1,False,True,False,-0.7748408278199803,1.4704760910054968
LP001334,1,1,0,0,0,-0.19912293069536682,-0.5544873301529852,-0.36593185980517007,180.0,1.0,1,False,True,False,-0.753610260848352,0.4855717587937753
LP001343,1,1,0,1,0,-0.5970544823891465,0.6565811200851197,-0.17554341627556563,360.0,1.0,1,False,True,False,0.05952663769597322,-2.948989277239836
LP001345,1,1,2,0,0,-0.18274040489488186,0.5615014733282169,-0.1517448608343651,180.0,1.0,1,False,False,True,0.378761068433335,-0.4006347892670849
LP001349,1,0,0,1,0,-0.09181738670219032,0.7472145963102249,0.06244213813643986,360.0,1.0,1,False,True,False,0.6553972096080346,0.09527373205293911
LP001350,1,1,0,1,0,1.35099166054652,-0.5544873301529852,-0.21124124943736647,360.0,1.0,1,False,False,True,0.7965043303935347,-0.265210421810258
LP001356,1,1,0,1,0,-0.1231080109811166,0.6709456710340044,-0.21124124943736647,360.0,1.0,1,False,True,False,0.5478376600528878,-0.38559096031655327
LP001357,1,1,0,1,0,-0.26006592667317086,-0.2966094393087234,0.16953563762184234,360.0,1.0,1,False,False,True,-0.5566753659818943,-0.3045502782807825
LP001367,1,1,1,1,0,-0.38522842378887595,-0.20221381878748168,-0.5444210256141742,360.0,1.0,1,False,False,True,-0.5874422425763577,0.9267651969093941
LP001369,1,1,2,1,0,0.9851698594216909,-0.16938055947574543,0.9429886894608602,360.0,1.0,1,False,False,True,0.8157892999459455,1.1559218655152048
LP001370,1,0,0,0,0,0.31610750572988516,-0.5544873301529852,-0.3064354712021687,360.0,1.0,0,True,False,False,-0.23837982442310007,1.2854924779971175
LP001379,1,1,2,1,0,-0.26268713080124845,0.6767598940371243,0.8358951899754578,360.0,0.0,0,False,False,True,0.4140727632358759,2.0187157045615467
LP001384,1,1,3,0,0,-0.5459410018916334,-0.2966094393087234,-0.6158166919377758,480.0,1.0,1,False,True,False,-0.8425504412003568,0.7308959343258308
LP001385,1,0,0,1,0,-0.014328039665896469,-0.5544873301529852,-0.11604702767256427,360.0,1.0,1,False,False,True,-0.5688153698188817,0.20401528128453203
LP001387,0,1,0,1,0,-0.40537893052347246,0.24342927374577186,-0.08034919451076344,360.0,1.0,1,False,True,False,-0.1619496567777006,0.49613686196973156
LP001391,1,1,0,0,0,-0.3000392896263542,0.8525546366020454,0.07434141585704014,360.0,0.0,0,True,False,False,0.5525153469756913,0.13455086137238267
LP001392,0,0,1,1,1,0.33543888617445744,-0.5544873301529852,-0.21124124943736647,360.0,1.0,1,False,True,False,-0.2190484439785278,0.9643585939285347
LP001398,1,0,0,1,0,-0.05790555829518646,-0.5544873301529852,-0.3302340266433692,360.0,1.0,1,False,True,False,-0.6123928884481717,0.5392518967360896
LP001401,1,1,1,1,0,1.5038406262650446,-0.5544873301529852,0.4670175806368492,180.0,1.0,1,True,False,False,0.9493532961120593,0.4919323317772772
LP001404,0,1,0,1,0,-0.36638851911831827,0.22632861785424258,0.09813997129824069,360.0,1.0,1,False,True,False,-0.1400599012640757,-0.7006999891653705
LP001405,1,1,1,1,0,-0.5225139899969399,-0.07635299142582604,-0.7229101914231782,360.0,1.0,1,False,False,True,-0.598866981422766,1.2071298198904121
LP001421,1,1,0,1,0,0.02695592535132563,0.17810476824012994,0.34802480343084646,360.0,1.0,0,True,False,False,0.20506069359145557,1.6971794903035864
LP001422,0,0,0,1,0,0.8198701740947977,-0.5544873301529852,1.3475641319612697,360.0,1.0,1,False,False,True,0.26538284394181244,5.077811782952839
LP001426,1,1,0,1,0,0.04317462589380574,0.3576616551011876,0.40752119203384785,360.0,1.0,1,True,False,False,0.4008362809949933,1.0166774100943672
LP001430,0,0,0,1,0,-0.2027270863714735,-0.5544873301529852,-1.2107805779677896,360.0,1.0,1,False,True,False,-0.7572144165244588,1.5989930349255048
LP001431,0,0,0,1,0,-0.5351285348633134,2.5167904679656767,-0.10414774995196399,360.0,0.0,1,False,True,False,1.9816619331023633,-0.052555760501952486
LP001432,1,1,2,1,0,-0.40079182329933666,-0.5544873301529852,-0.7705073023055794,360.0,1.0,1,False,True,False,-0.955279153452322,0.8065781604476681
LP001439,1,1,0,0,0,-0.18077450179882365,0.13432708915781494,0.5741110801222516,360.0,1.0,1,True,False,False,-0.04644741264100871,-10.0
LP001443,0,0,0,1,0,-0.2803802586657722,-0.5544873301529852,-0.6277159696583761,360.0,1.0,1,True,False,False,-0.8348675888187574,0.7518748817959536
LP001448,1,1,3,1,0,3.014309505069758,-0.5544873301529852,2.6683839589479,360.0,1.0,1,True,False,False,2.4598221749167726,1.0847873420110883
LP001449,1,0,0,1,0,-0.25203848903093323,0.006414183089175776,-0.21124124943736647,360.0,1.0,1,True,False,False,-0.24562430594175746,0.8600176950218277
LP001451,1,1,1,1,1,0.8370718261853068,0.7622631734947707,0.16953563762184234,180.0,0.0,0,False,False,True,1.5993349996800776,0.10600383137726327
LP001465,1,1,0,1,0,0.11083445744980862,0.32414436955379017,0.43131974747504837,360.0,1.0,0,True,False,False,0.4349788270035988,0.9915879134767169
LP001469,1,0,0,1,1,2.4184770417061197,-0.5544873301529852,6.000181720715977,480.0,1.0,1,False,False,True,1.8639897115531343,3.218999377263965
LP001473,1,0,0,1,0,-0.5552790415979099,0.10525597414221513,-0.8538022463497813,360.0,1.0,1,False,False,True,-0.45002306745569476,1.8972410707232004
LP001478,1,0,0,1,0,-0.4399460599624957,-0.5544873301529852,-0.9013993572321825,360.0,1.0,1,False,True,False,-0.9944333901154809,0.9064451839529496
LP001482,1,1,0,1,1,-0.31855154378090217,-0.5544873301529852,-1.4368668546591947,120.0,1.0,1,False,True,False,-0.8730388739338875,1.645822308214885
LP001487,1,0,0,1,0,-0.08329847328593815,-0.5544873301529852,-0.5206224701729736,360.0,1.0,1,False,True,False,-0.6377858034389234,0.8162967368759098
LP001488,1,1,3,1,0,-0.22992207920027855,2.096114333034056,1.716441741299878,360.0,1.0,0,False,True,False,1.8661922538337774,0.9197561171812485
LP001489,0,1,0,1,0,-0.13441195378345122,-0.5544873301529852,-0.7348094691437785,360.0,1.0,0,True,False,False,-0.6888992839364365,1.0666428116240836
LP001491,1,1,2,1,1,-0.34197855567559565,0.6425585822540657,-0.6872123582613775,360.0,1.0,1,False,False,True,0.30058002657847005,-2.286287502479718
LP001492,1,0,0,1,0,1.571991933595062,-0.5544873301529852,1.145276410711065,360.0,0.0,0,False,True,False,1.017504603442077,1.1255736896292692
LP001493,1,1,2,0,0,-0.19715702759930862,-0.06540857165524729,-0.19934197171676618,360.0,1.0,0,True,False,False,-0.2625655992545559,0.7592082598890086
LP001497,1,1,2,1,0,-0.05921616035922526,0.15792599428812537,0.4670175806368492,360.0,1.0,0,True,False,False,0.09870983392890012,4.731216354524901
LP001498,1,0,0,1,0,0.0022183113925933404,-0.5544873301529852,0.26472985938664456,360.0,1.0,1,False,False,True,-0.5522690187603919,-0.4793494662815778
LP001504,1,0,0,1,1,0.25336243191402774,-0.5544873301529852,0.34802480343084646,180.0,1.0,1,False,True,False,-0.3011248982389575,-1.1557490113443611
LP001507,1,1,0,1,0,-0.4432225651225927,0.14116735151442666,-0.2826369157609681,360.0,1.0,1,False,True,False,-0.30205521360816606,0.9357127539192623
LP001508,1,1,2,1,0,1.0408704471433399,-0.5544873301529852,0.49081613607804975,180.0,1.0,1,False,False,True,0.48638311699035464,1.0091142536260835
LP001514,0,1,0,1,0,-0.5035102600683774,0.9797835164350234,-0.5444210256141742,360.0,1.0,1,False,True,False,0.47627325636664597,-1.143085441679863
LP001516,0,1,2,1,0,1.550203174280417,-0.5544873301529852,-0.9013993572321825,360.0,1.0,1,False,False,True,0.9957158441274317,-0.9052777080413931
LP001518,1,1,1,1,0,-0.6332598644082182,-0.06711863724440022,-1.3773704660561934,360.0,1.0,1,False,False,True,-0.7003785016526185,1.966608716295745
LP001519,0,0,0,1,0,0.753029468828819,0.015306524152771011,0.9429886894608602,360.0,1.0,0,True,False,False,0.76833599298159,1.2273129178831206
LP001520,1,1,0,1,0,-0.08903235731610788,-0.2706164423535989,-0.2469390825991673,360.0,1.0,1,False,True,False,-0.35964879966970675,0.6866117246212152
LP001528,1,0,0,1,0,0.143108033276764,-0.5544873301529852,-0.3302340266433692,360.0,0.0,0,True,False,False,-0.4113792968762212,0.802748288868636
LP001529,1,1,0,1,1,-0.4630454213411795,0.7280618617117122,0.07434141585704014,360.0,1.0,1,True,False,False,0.2650164403705327,0.28051624175881207
LP001531,1,0,0,1,0,0.6163992036527745,-0.5544873301529852,1.1690749661522655,360.0,1.0,0,False,False,True,0.061911873499789216,10.0
LP001532,1,1,2,0,0,-0.511537697710615,-0.5544873301529852,-0.3897304152463706,360.0,1.0,0,True,False,False,-1.0660250278636,0.365592181289985
LP001535,1,0,0,1,0,-0.35213572167189633,-0.5544873301529852,-1.1393849116441879,360.0,1.0,1,False,False,True,-0.9066230518248816,1.2567349896418312
LP001536,1,1,3,1,0,5.667623383716302,-0.5544873301529852,5.405217834685963,180.0,0.0,1,False,True,False,5.113136053563317,1.0571238038774846
LP001541,1,1,1,1,0,0.09772843680942066,-0.5544873301529852,0.16953563762184234,360.0,1.0,1,True,False,False,-0.45675889334356456,-0.37117096151277595
LP001543,1,1,1,1,0,0.6773421996305785,-0.5544873301529852,0.49081613607804975,360.0,1.0,1,False,False,True,0.12285486947759328,3.9950889872343773
LP001546,1,0,0,1,0,-0.39702384236522514,0.15792599428812537,-0.3064354712021687,360.0,1.0,1,True,False,False,-0.23909784807709977,1.2816320751801795
LP001552,1,1,0,1,0,-0.13441195378345122,1.3693364576440608,1.2999670210788685,360.0,1.0,1,False,True,False,1.2349245038606096,1.052669225539637
LP001560,1,1,0,0,0,-0.5800166555566422,-0.19845167449134524,-0.5682195810553747,360.0,1.0,1,False,True,False,-0.7784683300479874,0.729919971208524
LP001562,1,1,0,1,0,0.4144026605327949,-0.5544873301529852,1.537952575490874,360.0,1.0,0,False,False,True,-0.14008466962019034,-10.0
LP001565,1,1,1,1,0,-0.37916688924269654,-0.11671053932983518,-0.2945361934815684,360.0,0.0,0,False,True,False,-0.4958774285725317,0.5939697524233789
LP001570,1,1,2,1,0,-0.20256326111346865,-0.059594348652127316,0.1457370821806418,360.0,1.0,1,True,False,False,-0.262157609765596,-0.55591398743279
LP001572,1,1,0,1,0,0.6421197691595358,-0.5544873301529852,-0.841902968629181,180.0,1.0,1,False,False,True,0.0876324390065506,-9.607206853688599
LP001574,1,1,0,1,0,-0.27792287979569946,0.52832620089865,0.43131974747504837,360.0,1.0,1,True,False,False,0.25040332110295055,1.722500107327714
LP001577,0,1,0,1,0,-0.13441195378345122,-0.5544873301529852,-0.4016296929669709,360.0,1.0,0,True,False,False,-0.6888992839364365,0.5830020473704376
LP001578,1,1,0,1,0,-0.48565330694584874,0.5854423915763578,-0.19934197171676618,360.0,1.0,1,True,False,False,0.09978908463050906,-1.9976330322587232
LP001579,1,0,0,1,0,-0.5187460090628284,-0.5544873301529852,-0.9846943012763844,480.0,0.0,0,False,True,False,-1.0732333392158138,0.917502527452117
LP001580,1,1,2,1,0,0.42537895281911986,-0.5544873301529852,0.6455067464458534,360.0,1.0,1,False,True,False,-0.12910837733386538,-4.999727823831426
LP001581,1,1,0,0,0,-0.5870611416508507,0.05053387528932137,-0.6039174142171756,360.0,1.0,1,True,False,False,-0.5365272663615293,1.1256043300700336
LP001585,1,1,3,1,0,7.594863718885352,-0.5544873301529852,6.59514560674599,300.0,1.0,1,False,False,True,7.040376388732367,0.9367603722580886
LP001586,1,1,3,0,0,-0.30823055252659665,-0.5544873301529852,-0.7705073023055794,180.0,1.0,0,True,False,False,-0.8627178826795818,0.8931161829083704
LP001594,1,1,0,1,0,0.04989146147200457,1.3693364576440608,0.49081613607804975,360.0,1.0,1,False,True,False,1.4192279191160653,0.34583320231167924
LP001603,1,1,0,0,1,-0.17356619044661029,-0.302765675429674,-0.6991116359819778,360.0,1.0,0,False,True,False,-0.4763318658762843,1.467698648915408
LP001606,1,1,0,1,0,-0.31232618397671785,0.11722643326628564,-0.3540325820845698,360.0,1.0,1,True,False,False,-0.19509975071043223,1.8146234467004843
LP001608,1,1,2,1,0,-0.5502004585997595,-0.0007680923852665297,-0.5325217478935739,360.0,1.0,1,True,False,False,-0.5509685509850261,0.9665193175572855
LP001610,1,1,3,1,0,0.01843701193507345,3.3102609013326365,4.155793674022934,360.0,0.0,0,False,True,False,3.32869791326771,1.2484742630019203
LP001616,1,1,1,1,0,-0.2708783937014909,-0.5544873301529852,-0.3540325820845698,360.0,1.0,1,False,True,False,-0.8253657238544762,0.42894025260854035
LP001630,1,0,0,0,0,-0.5030187842943628,-0.05822629618080497,-0.5206224701729736,480.0,0.0,0,False,False,True,-0.5612450804751677,0.9276205498891825
LP001633,1,1,1,1,0,0.1632585400113605,1.925107774118763,0.40752119203384785,360.0,0.0,0,False,False,True,2.0883663141301234,0.19513874997720143
LP001634,1,0,0,1,0,-0.5713339168823851,1.1771250854232715,-0.9370971903939832,360.0,1.0,0,True,False,False,0.6057911685408864,-1.546898071576519
LP001636,1,1,0,1,0,-0.13162692439736878,-0.5544873301529852,-0.8657015240703816,180.0,1.0,1,False,True,False,-0.686114254550354,1.2617454284457628
LP001637,1,1,1,1,0,4.659606571212462,-0.5544873301529852,1.3594634096818698,360.0,1.0,0,False,True,False,4.1051192410594775,0.3311629528527435
LP001639,0,1,0,1,0,-0.2913565509520971,-0.5544873301529852,-0.44922680384937197,360.0,1.0,1,False,True,False,-0.8458438811050824,0.531098957957187
LP001640,1,1,0,1,1,5.52804426389617,1.0700749795422981,-0.3064354712021687,360.0,1.0,1,False,True,False,6.598119243438468,-0.04644285134842098
LP001641,1,1,1,1,1,-0.5284116992851144,-0.5544873301529852,-0.9489964681145835,300.0,0.0,0,True,False,False,-1.0828990294380998,0.8763480641468518
LP001643,1,1,0,1,0,-0.49482752139412034,0.1767367157688076,-1.0441906898793858,360.0,1.0,1,True,False,False,-0.3180908056253128,3.2826811445451347
LP001644,1,1,0,1,1,-0.7748048873244083,1.256814141877798,0.26472985938664456,360.0,1.0,1,True,False,False,0.4820092545533897,0.5492215281881517
LP001647,1,1,0,1,0,0.6429388954495601,-0.5544873301529852,0.50271541379865,180.0,1.0,1,True,False,False,0.08845156529657483,5.683510654820679
LP001653,1,0,0,0,0,-0.08493672586598665,-0.5544873301529852,-1.1631834670853884,360.0,1.0,1,True,False,False,-0.6394240560189719,1.8191112081821277
LP001656,1,0,0,1,0,1.0806799848385182,-0.5544873301529852,0.21713274850424344,360.0,1.0,0,False,True,False,0.526192654685533,0.41264876385248644
LP001657,1,1,0,0,0,0.10313467032358069,-0.5544873301529852,0.16953563762184234,360.0,1.0,0,False,False,True,-0.45135265982940453,-0.37561679083916527
LP001658,1,0,0,1,0,-0.25318526583696715,-0.5544873301529852,-0.8300036909085807,360.0,1.0,1,False,True,False,-0.8076725959899524,1.0276486970456853
LP001664,1,0,0,1,0,-0.19863145492135226,-0.5544873301529852,-0.3064354712021687,360.0,1.0,1,True,False,False,-0.7531187850743375,0.40688863068516024
LP001665,1,1,1,1,0,-0.3732691799545219,0.32893255320341835,0.2885284148278451,360.0,1.0,0,False,True,False,-0.04433662675110356,-6.5076762931826675
LP001666,1,0,0,1,0,0.47993276373473476,0.7280618617117122,0.49081613607804975,360.0,1.0,1,True,False,False,1.2079946254464469,0.4063065561211876
LP001669,0,0,0,0,0,-0.5728083442044287,0.25437369351635064,-0.3064354712021687,360.0,1.0,1,False,False,True,-0.3184346506880781,0.9623182355940806
LP001671,0,1,0,1,0,-0.3255960298751107,0.4086216096579449,-0.3897304152463706,360.0,1.0,1,False,True,False,0.0830255797828342,-4.694100496085287
LP001673,1,0,0,1,1,0.9168547268336686,-0.5544873301529852,-0.7467087468643788,360.0,1.0,0,False,False,True,0.3623673966806834,-2.060639985010504
LP001674,1,1,1,0,0,-0.45927744040706797,0.30054546442347974,-0.6634138028201769,360.0,1.0,1,False,True,False,-0.15873197598358824,4.179459108407806
LP001677,1,0,2,1,0,-0.07871136606180236,-0.5544873301529852,0.240931303945444,360.0,0.0,1,False,True,False,-0.6331986962147876,-0.38049873662992756
LP001682,1,1,3,0,0,-0.23123268126431734,-0.5544873301529852,-0.21124124943736647,180.0,1.0,0,False,False,True,-0.7857200114173026,0.26885054010056825
LP001688,1,1,1,0,0,-0.3118347082027033,-0.18408712354246062,-0.12794630539316454,360.0,1.0,1,False,False,True,-0.4959218317451639,0.2579969204882907
LP001691,1,1,2,0,0,-0.24351957561468104,-0.5544873301529852,-0.2588383603197676,360.0,1.0,1,False,True,False,-0.7980069057676663,0.3243560405918673
LP001692,0,0,0,0,0,-0.1630813739342999,-0.5544873301529852,-0.3064354712021687,360.0,1.0,1,False,True,False,-0.7175687040872851,0.42704687294290616
LP001693,0,0,0,1,0,-0.35377397425194484,-0.5544873301529852,-0.7824065800261797,360.0,1.0,1,False,False,True,-0.9082613044049301,0.8614333520889044
LP001698,1,0,0,0,0,-0.23401771065039978,0.3111478710762279,-1.0798885230411865,360.0,1.0,1,True,False,False,0.0771301604258281,-10.0
LP001699,1,0,0,1,0,-0.4791002966256548,-0.5544873301529852,-1.0322914121587854,360.0,1.0,1,False,False,True,-1.03358762677864,0.998745907375174
LP001702,1,0,0,1,0,-0.325268379359101,-0.5544873301529852,-0.22314052715796673,360.0,1.0,0,False,True,False,-0.8797557095120863,0.25363919181805683
LP001708,0,0,0,1,0,0.753029468828819,-0.5544873301529852,0.8120966345342572,360.0,1.0,0,False,True,False,0.1985421386758338,4.090298613435376
LP001711,1,1,3,1,0,-0.3233024762630428,-0.12697093286475275,-0.21124124943736647,360.0,0.0,0,False,True,False,-0.45027340912779557,0.4691399606442504
LP001713,1,1,1,1,1,0.3904841728640869,-0.5544873301529852,1.1214778552698643,360.0,1.0,1,False,False,True,-0.16400315728889836,-6.8381479589099285
LP001715,1,1,3,0,1,0.04907233518198032,-0.5544873301529852,-0.18744269399616592,360.0,1.0,1,True,False,False,-0.505414994971005,0.37086888173335514
LP001716,1,1,0,1,0,-0.36540556757028914,0.478734298813215,-0.10414774995196399,360.0,1.0,1,False,False,True,0.11332873124292586,-0.9189880519240794
LP001720,1,1,3,0,0,-0.254495867901006,-0.21828843532551923,-0.5444210256141742,360.0,1.0,1,False,True,False,-0.4727843032265252,1.1515209407308213
LP001722,1,1,0,1,0,-0.8606493225189494,0.061136281942069534,-0.12794630539316454,360.0,1.0,0,True,False,False,-0.7995130405768799,0.1600302920648377
LP001726,1,1,0,1,0,-0.2746463746356025,0.052585953996304884,-0.17554341627556563,360.0,1.0,1,False,True,False,-0.2220604206392976,0.790520957179976
LP001732,1,1,2,1,0,-0.06609682119542894,-0.5544873301529852,-0.8776008017909819,360.0,0.0,0,False,True,False,-0.6205841513484142,1.4141527782881955
LP001734,0,1,2,1,0,-0.1835595311849061,0.26052992963730115,-0.22314052715796673,360.0,1.0,1,False,True,False,0.07697039845239506,-2.899043419867126
LP001736,1,1,0,1,0,-0.521367213190906,-0.5544873301529852,-1.0203921344381852,360.0,0.0,0,False,False,True,-1.0758545433438913,0.9484480413743275
LP001743,1,1,2,1,0,-0.22844765187823488,0.032749193162130895,-0.3540325820845698,360.0,1.0,1,False,True,False,-0.19569845871610397,1.8090718976900995
LP001744,1,0,0,1,0,-0.39849826968726876,0.40007128171218026,-0.020852805907762065,360.0,1.0,1,False,True,False,0.001573012024911502,-10.0
LP001749,1,1,0,1,0,0.35624469394107333,-0.2090540811440934,0.34802480343084646,360.0,1.0,1,False,True,False,0.14719061279697992,2.3644497214701947
LP001750,1,1,0,1,0,0.13868475131063304,-0.5544873301529852,-0.21124124943736647,360.0,1.0,1,False,True,False,-0.41580257884235217,0.5080325620526195
LP001751,1,1,0,1,0,-0.3527910227039157,-0.5544873301529852,0.2885284148278451,360.0,1.0,0,True,False,False,-0.907278352856901,-0.3180153190245384
LP001754,1,1,0,0,1,-0.10951051456671408,-0.5544873301529852,-0.09224847223136372,360.0,1.0,0,False,False,True,-0.6639978447196994,0.1389288729849802
LP001758,1,1,2,1,0,0.13868475131063304,0.025224904569858004,0.7644995236518561,360.0,1.0,1,False,True,False,0.16390965588049106,4.664151843557429
LP001760,1,1,0,1,0,-0.10574253363260254,-0.5544873301529852,0.1457370821806418,480.0,1.0,1,False,True,False,-0.6602298637855878,-0.2207368829774269
LP001761,1,0,0,1,1,0.1632585400113605,-0.5544873301529852,0.6455067464458534,360.0,1.0,1,True,False,False,-0.3912287901416247,-1.6499469433529679
LP001765,1,1,1,1,0,-0.4771343935295966,0.14800761387103836,-0.49682391473177306,360.0,1.0,1,False,True,False,-0.3291267796585582,1.5095213924773512
LP001768,1,1,0,1,0,-0.2764484524736558,-0.5544873301529852,-1.2345791334089902,180.0,1.0,1,True,False,False,-0.830935782626641,1.4857696096639463
LP001770,1,0,0,0,0,-0.36278436344221154,0.33406274997087715,-0.3064354712021687,360.0,1.0,1,True,False,False,-0.028721613471334395,10.0
LP001776,0,0,0,1,0,0.47993276373473476,-0.5544873301529852,1.5974489640938754,360.0,1.0,1,False,True,False,-0.07455456641825048,-10.0
LP001778,1,1,1,1,0,-0.3683544222143764,0.05395400646762723,-0.06844991679016317,360.0,1.0,1,False,True,False,-0.3144004157467492,0.21771573242861056
LP001784,1,1,1,1,0,0.015815807806995857,-0.1235508016864469,0.2885284148278451,360.0,1.0,1,True,False,False,-0.10773499387945104,-2.678130888007391
LP001786,1,1,0,1,0,0.056116821276188854,-0.5544873301529852,1.2999670210788685,360.0,1.0,0,False,False,True,-0.4983705088767964,-2.608434885139315
LP001788,0,0,0,1,1,-0.3178962427488828,-0.5544873301529852,-0.2826369157609681,360.0,1.0,1,False,False,True,-0.8723835729018681,0.3239823909347742
LP001790,0,0,1,1,0,-0.26072122770519024,-0.5544873301529852,-0.4016296929669709,360.0,1.0,1,True,False,False,-0.8152085578581755,0.4926710951393664
LP001792,1,1,1,1,0,-0.3421423809336005,-0.5544873301529852,-0.5920181364965753,360.0,1.0,1,False,True,False,-0.8966297110865857,0.6602704875562676
LP001798,1,1,2,1,0,0.06807606511054287,1.1555782589999446,-0.3064354712021687,360.0,1.0,1,True,False,False,1.2236543241104876,-0.25042650131190125
LP001800,1,1,1,0,0,-0.47402171362750445,0.12372468250506677,-0.06844991679016317,180.0,1.0,0,False,False,True,-0.3502970311224377,0.19540535804951822
LP001806,1,0,0,1,0,-0.3994812212352979,1.3953294545991854,0.11003924901884096,60.0,1.0,1,False,False,True,0.9958482333638876,0.11049801097416026
LP001807,1,1,2,1,1,0.13868475131063304,-0.10987027697322346,-0.44922680384937197,360.0,1.0,1,True,False,False,0.02881447433740958,-10.0
LP001811,1,1,0,0,0,-0.3272342824551592,0.956184611304713,-0.2707376380403678,360.0,1.0,1,False,True,False,0.6289503288495538,-0.43045949039503373
LP001813,1,0,0,1,1,0.10591969970966313,0.9274555094069438,-0.3064354712021687,180.0,1.0,0,False,False,True,1.0333752091166069,-0.2965384387962323
LP001814,1,1,2,1,0,0.7043733672013787,-0.5544873301529852,-0.4016296929669709,360.0,1.0,1,False,False,True,0.14988603704839343,-2.6795670956147664
LP001819,1,1,1,0,0,0.1973341936763692,-0.5544873301529852,-0.10414774995196399,180.0,1.0,1,False,False,True,-0.35715313647661606,0.29160530684232944
LP001824,1,1,1,1,0,-0.4130787176497004,0.07584284600878473,-0.2707376380403678,480.0,1.0,1,False,True,False,-0.3372358716409157,0.802813878378412
LP001825,1,1,0,1,0,-0.588863219488904,0.08439317395454939,-0.6634138028201769,360.0,1.0,1,False,False,True,-0.5044700455343546,1.3150707533436654
LP001835,1,1,0,0,0,-0.6119625808675878,0.7759436982079941,0.6574060241664537,360.0,0.0,0,False,True,False,0.16398111734040632,4.009034911024254
LP001836,0,0,2,1,0,-0.32379395203705735,-0.5544873301529852,-0.09224847223136372,360.0,1.0,0,False,False,True,-0.8782812821900425,0.10503294798829949
LP001841,1,0,0,0,1,-0.4620624697931504,0.1866550961858946,-0.49682391473177306,360.0,1.0,1,True,False,False,-0.2754073736072558,1.8039601054409964
LP001843,1,1,1,0,0,-0.44928409966877214,1.8741478195620058,1.585549686373275,180.0,1.0,1,False,True,False,1.4248637198932337,1.1127728667918373
LP001844,1,0,0,1,1,1.7769373313591288,-0.5544873301529852,0.5503125246810512,360.0,0.0,0,False,False,True,1.2224500012061434,0.4501718059127812
LP001846,0,0,3,1,0,-0.3801498407907256,-0.5544873301529852,1.2999670210788685,360.0,1.0,1,True,False,False,-0.9346371709437109,-1.3908787939241503
LP001849,1,0,0,0,0,0.10510057341963888,-0.5544873301529852,-0.36593185980517007,360.0,0.0,0,True,False,False,-0.4493867567333464,0.814291596986922
LP001854,1,1,3,1,0,-0.025140506694216542,-0.5544873301529852,-0.6158166919377758,360.0,1.0,0,False,False,True,-0.5796278368472018,1.0624346395911863
LP001859,1,1,0,1,0,1.5202231520655296,0.16374021729124533,1.8830316293882818,360.0,1.0,0,True,False,False,1.6839633693567748,1.1182141272512034
LP001864,1,1,3,0,0,-0.07740076399776356,-0.5544873301529852,-0.21124124943736647,360.0,1.0,0,False,True,False,-0.6318880941507488,0.33430167682028034
LP001865,1,1,1,1,0,0.11132593322382317,0.8990684206270051,2.192412850123889,360.0,1.0,1,False,False,True,1.0103943538508282,2.1698585723169734
LP001868,1,0,0,1,0,-0.5477430797296867,0.2010196471347792,-0.13984558311376483,360.0,1.0,1,False,True,False,-0.3467234325949075,0.4033346753265237
LP001870,0,0,1,1,0,-0.31494738810479544,-0.5544873301529852,0.11003924901884096,36.0,1.0,0,False,True,False,-0.8694347182577806,-0.12656413035741595
LP001871,0,0,0,1,0,0.29431874641524014,-0.5544873301529852,-0.3064354712021687,360.0,1.0,1,True,False,False,-0.2601685837377451,1.1778342596163014
LP001872,1,0,0,1,1,-0.03890182836662391,-0.5544873301529852,-0.21124124943736647,360.0,1.0,1,False,True,False,-0.5933891585196092,0.3559910834305979
LP001875,1,0,0,1,0,-0.2143586796898178,0.6244318870090446,0.06244213813643986,360.0,1.0,1,True,False,False,0.4100732073192268,0.15227070928296704
LP001877,1,1,2,1,0,-0.11393379653284502,-0.08011513572196248,0.05054286041583959,360.0,1.0,1,False,True,False,-0.19404893225480752,-0.26046451185555236
LP001882,1,1,3,1,0,-0.17536826828466362,0.06489842623820598,0.16953563762184234,360.0,0.0,1,False,False,True,-0.11046984204645764,-1.5346780123985768
LP001883,0,0,0,1,0,-0.325268379359101,-0.5544873301529852,-0.12794630539316454,360.0,1.0,0,True,False,False,-0.8797557095120863,0.1454339017181528
LP001884,0,0,1,1,0,-0.41406166919772946,-0.0209468663372711,-0.6634138028201769,360.0,1.0,1,False,False,True,-0.4350085355350006,1.525059277295029
LP001888,0,0,0,1,0,-0.35492075105797877,-0.5544873301529852,-1.3773704660561934,360.0,1.0,1,False,False,True,-0.909408081210964,1.5145790921739917
LP001891,1,1,0,1,0,0.9407732145023766,-0.5544873301529852,-0.11604702767256427,360.0,1.0,1,False,False,True,0.3862858843493914,-0.3004174689634814
LP001892,1,0,0,1,0,-0.421106155291938,0.08063102965841293,-0.23503980487856702,360.0,1.0,1,True,False,False,-0.3404751256335251,0.6903288586537015
LP001894,1,1,0,1,0,-0.456000935246971,0.2058078307844074,0.05054286041583959,360.0,1.0,1,False,True,False,-0.2501931044625636,-0.20201540136132057
LP001896,1,1,2,1,0,-0.24630460500076348,-0.5544873301529852,-0.6634138028201769,360.0,1.0,1,False,True,False,-0.8007919351537487,0.8284471579909259
LP001900,1,1,1,1,0,-0.4347036517063405,0.07550083289095415,-0.36593185980517007,360.0,1.0,1,False,True,False,-0.35920281881538635,1.0187332633189667
LP001903,1,1,0,1,0,-0.23106885600631247,0.5652636176243533,0.7288016904900553,360.0,1.0,1,False,True,False,0.33419476161804085,2.1807693422885546
LP001904,1,1,0,1,0,-0.37687333563062864,-0.10987027697322346,-0.7824065800261797,360.0,1.0,1,False,False,True,-0.4867436126038521,1.6074306056954053
LP001907,1,1,0,1,0,1.5038406262650446,-0.5544873301529852,3.4537362885075185,360.0,1.0,1,False,True,False,0.9493532961120593,3.637988410270235
LP001908,0,1,0,0,0,-0.21353955339979358,-0.5544873301529852,-0.2588383603197676,360.0,1.0,1,True,False,False,-0.7680268835527788,0.3370173178345263
LP001910,1,0,1,0,1,-0.2212393405260215,0.27523649370401637,0.1457370821806418,360.0,0.0,0,False,False,True,0.05399715317799486,2.6989771423733715
LP001914,1,1,0,1,0,-0.24188132303463256,-0.2808768358885165,-0.4016296929669709,360.0,1.0,1,False,True,False,-0.522758158923149,0.7682896691546706
LP001915,1,1,2,1,0,-0.5082611925505179,-0.21733080276815359,-0.8062051354673803,180.0,1.0,1,False,False,True,-0.7255919953186716,1.1110998201038647
LP001917,0,0,0,1,0,-0.5885355689728943,0.015306524152771011,-1.0917878007617867,360.0,1.0,1,False,False,True,-0.5732290448201233,1.9046274968575343
LP001922,1,1,0,1,0,2.5005534959665496,-0.5544873301529852,-0.21124124943736647,360.0,1.0,0,True,False,False,1.9460661658135643,-0.10854782491378233
LP001924,1,0,0,1,0,-0.3678629464403619,0.48967871858379375,-0.6753130805407772,360.0,1.0,1,True,False,False,0.12181577214343187,-5.543724500187303
LP001925,0,0,0,1,1,-0.45927744040706797,0.032749193162130895,-0.5563203033347744,300.0,1.0,0,False,True,False,-0.4265282472449371,1.3042988522523415
LP001926,1,1,0,1,0,-0.278414355569714,0.12953890550818672,-0.3064354712021687,360.0,1.0,1,True,False,False,-0.14887545006152728,2.058334474055494
LP001931,0,0,0,1,0,-0.2096077472076772,-0.5544873301529852,-0.36593185980517007,360.0,1.0,1,False,True,False,-0.7640950773606624,0.47890880421474785
LP001935,1,0,0,1,0,0.672427441890433,-0.5544873301529852,0.49081613607804975,360.0,1.0,1,True,False,False,0.11794011173744778,4.16157089261268
LP001936,1,1,0,1,0,-0.3814604428547644,0.2718163625257105,-0.08034919451076344,360.0,1.0,1,True,False,False,-0.10964408032905387,0.7328183543482396
LP001938,1,1,2,1,0,-0.16439197599833869,-0.5544873301529852,-0.22314052715796673,360.0,0.0,0,False,True,False,-0.7188793061513239,0.310400543246401
LP001940,1,1,2,1,0,-0.3686820727303861,-0.0209468663372711,-0.13984558311376483,360.0,1.0,1,False,False,True,-0.3896289390676572,0.3589199083836052
LP001945,0,0,0,1,0,0.0022183113925933404,-0.5544873301529852,-0.03275208362836234,480.0,0.0,0,False,False,True,-0.5522690187603919,0.059304582578028335
LP001947,1,1,0,1,0,-0.49482752139412034,0.5857844046941885,0.31232697026904566,360.0,1.0,1,False,True,False,0.09095688330006813,3.4337914728088723
LP001949,1,1,3,1,0,-0.1617707718702611,-0.12697093286475275,-0.4254282484081714,360.0,1.0,1,False,False,True,-0.2887417047350138,1.4733869109715154
LP001953,1,1,1,1,0,0.24107553756366404,-0.5544873301529852,0.6455067464458534,360.0,1.0,1,False,True,False,-0.31341179258932117,-2.0596121834244205
LP001954,0,1,1,1,0,-0.12081445736904871,-0.5544873301529852,-0.12794630539316454,360.0,1.0,1,False,False,True,-0.675301787522034,0.18946537349272138
LP001955,0,0,0,1,0,-0.06609682119542894,0.31456800225453374,0.06244213813643986,480.0,1.0,0,True,False,False,0.24847118105910482,0.25130535408686494
LP001963,1,1,1,1,0,-0.5552790415979099,0.44590103950147875,-0.3897304152463706,360.0,1.0,0,False,False,True,-0.10937800209643112,3.563151710366513
LP001964,1,1,0,0,0,-0.5903376468109477,0.44897915756195406,-0.6277159696583761,360.0,0.0,0,False,False,True,-0.14135848924899364,4.440596196190919
LP001972,1,1,0,0,0,-0.4142254944557343,0.04403562605054023,-0.4849246370111728,360.0,1.0,1,False,True,False,-0.3701898684051941,1.3099349236656983
LP001974,0,0,0,1,0,-0.06609682119542894,-0.5544873301529852,-0.16364413855496537,360.0,1.0,1,True,False,False,-0.6205841513484142,0.2636937121249343
LP001977,1,1,1,1,0,-0.6190070669617963,0.06216232129556129,-0.5920181364965753,360.0,1.0,1,False,False,True,-0.556844745666235,1.0631655252277854
LP001978,1,0,0,1,0,-0.22992207920027855,0.30054546442347974,-0.06844991679016317,360.0,1.0,1,True,False,False,0.07062338522320119,-0.9692245220734054
LP001990,1,0,0,0,0,-0.5575725952099777,-0.5544873301529852,-0.21124124943736647,360.0,1.0,0,False,False,True,-1.112059925362963,0.18995491575547951
LP001993,0,0,0,1,0,-0.26891249060543276,0.015306524152771011,-0.12794630539316454,360.0,1.0,1,True,False,False,-0.25360596645266176,0.5045082620997684
LP001994,0,0,0,1,0,-0.4920424920080379,0.08268310836539645,-0.49682391473177306,360.0,0.0,0,False,False,True,-0.40935938364264146,1.2136619669270499
LP001996,1,0,0,1,0,2.429453333992445,-0.5544873301529852,3.9773045082139302,360.0,1.0,0,True,False,False,1.8749660038394595,2.1212675323549384
LP001998,1,1,2,0,0,0.3708251419035049,-0.5544873301529852,0.4670175806368492,360.0,1.0,1,True,False,False,-0.18366218824948033,-2.542807450396207
LP002002,0,0,0,1,0,-0.40734483361953067,-0.5544873301529852,-0.7348094691437785,360.0,1.0,1,False,True,False,-0.9618321637725159,0.7639684934861143
LP002004,1,0,0,0,0,-0.40570658103948215,0.26805421822957404,-0.41352897068757116,360.0,1.0,1,False,True,False,-0.1376523628099081,3.004154540075978
LP002006,0,0,0,1,0,-0.474513189401519,-0.5544873301529852,-1.0679892453205864,360.0,1.0,1,True,False,False,-1.0290005195545042,1.0378898990089547
LP002008,1,1,2,1,1,0.056116821276188854,-0.5544873301529852,-0.020852805907762065,84.0,1.0,1,True,False,False,-0.4983705088767964,0.04184197406616038
LP002024,1,1,0,1,0,-0.48008324817368386,0.07584284600878473,0.15763635990124206,360.0,1.0,0,True,False,False,-0.40424040216489915,-0.38995696386859047
LP002031,1,1,1,0,0,-0.32838105926119315,0.006414183089175776,-0.41352897068757116,180.0,1.0,1,False,False,True,-0.32196687617201736,1.2843835850574732
LP002035,1,1,2,1,0,-0.27628462721565095,-0.5544873301529852,-0.3064354712021687,360.0,1.0,1,False,True,False,-0.8307719573686362,0.3688563010392934
LP002036,1,1,0,1,0,-0.5480707302456964,0.17536866329748527,-0.6872123582613775,360.0,1.0,1,False,False,True,-0.3727020669482112,1.843865165247042
LP002043,0,0,1,1,0,-0.3051178726245045,-0.5544873301529852,-0.4016296929669709,360.0,1.0,1,False,True,False,-0.8596052027774898,0.46722575860320076
LP002050,1,1,1,1,1,0.753029468828819,-0.5544873301529852,0.11003924901884096,360.0,1.0,0,True,False,False,0.1985421386758338,0.5542362430098812
LP002051,1,1,0,1,0,-0.4920424920080379,0.1866550961858946,-0.36593185980517007,360.0,1.0,1,False,True,False,-0.3053873958221433,1.198254626128341
LP002053,1,1,3,1,0,-0.17389384096261998,-0.4898468508830045,-0.2588383603197676,360.0,1.0,1,False,True,False,-0.6637406918456245,0.38996910013160574
LP002054,1,1,2,0,0,-0.29528835714421353,-0.010686472802353523,-0.21124124943736647,360.0,1.0,1,True,False,False,-0.30597482994656705,0.6903876684048028
LP002055,0,0,0,1,0,-0.3665523443763231,0.4664218265713139,-0.16364413855496537,360.0,1.0,1,True,False,False,0.09986948219499081,-1.6385800242305986
LP002065,1,1,3,1,0,1.5721557588530668,-0.5544873301529852,1.835434518505881,360.0,1.0,1,True,False,False,1.0176684287000817,1.803568300581332
LP002067,1,1,1,1,1,0.5344865746503497,1.1497640359968246,2.7397796252715017,360.0,0.0,0,True,False,False,1.6842506106471742,1.6267054367988265
LP002068,1,0,0,1,0,-0.07969431760983145,-0.5544873301529852,-0.18744269399616592,360.0,0.0,1,True,False,False,-0.6341816477628167,0.29556625401791714
LP002082,1,1,0,1,1,0.06791223985253803,0.18426100436108048,0.45511830291624894,360.0,1.0,1,False,True,False,0.25217324421361853,1.8047842638321834
LP002086,0,1,0,1,0,-0.17536826828466362,0.28378682164978103,-0.4254282484081714,360.0,1.0,0,False,False,True,0.10841855336511741,-3.923943229305702
LP002087,0,0,0,1,0,-0.4756599662075529,-0.5544873301529852,-0.9370971903939832,360.0,1.0,1,False,False,True,-1.0301472963605383,0.9096730086121697
LP002097,1,0,1,1,0,-0.16701318012641628,0.058742190117255434,-0.3421333043639695,360.0,1.0,1,False,False,True,-0.10827099000916085,3.1599720694806748
LP002098,1,0,0,1,0,-0.4043959789754433,-0.5544873301529852,-0.5682195810553747,360.0,1.0,1,False,True,False,-0.9588833091284286,0.5925847031083007
LP002100,1,0,0,1,0,-0.421106155291938,-0.5544873301529852,-0.8895000795115822,360.0,1.0,1,False,False,True,-0.9755934854449233,0.9117527871825857
LP002101,1,1,0,1,0,9.490977255033481,-0.5544873301529852,4.096297285419933,180.0,1.0,1,False,False,True,8.936489924880496,0.4583787728574775
LP002103,1,1,1,1,1,0.7256706507420091,0.07242271483047887,0.43131974747504837,180.0,1.0,1,False,False,True,0.798093365572488,0.5404377057634783
LP002106,1,1,0,1,1,0.016307283581010405,0.9811515689063458,-0.9013993572321825,360.0,1.0,1,False,True,False,0.9974588524873562,-0.9036957815195776
LP002110,1,1,1,1,0,-0.025140506694216542,-0.3191823050855421,0.16953563762184234,360.0,1.0,1,True,False,False,-0.3443228117797586,-0.49237410889373057
LP002112,1,1,2,1,1,-0.4756599662075529,1.0187730118677103,0.35992408115144675,360.0,1.0,1,True,False,False,0.5431130456601574,0.6627056448514448
LP002113,0,0,3,0,0,-0.5854228890708022,-0.5544873301529852,-0.21124124943736647,360.0,0.0,0,False,False,True,-1.1399102192237875,0.18531393602314528
LP002114,0,0,0,1,0,-0.2037100379195026,-0.5544873301529852,-0.8895000795115822,360.0,1.0,1,False,True,False,-0.7581973680724878,1.173177482497593
LP002115,1,1,3,0,0,-0.45157765328084004,-0.01171251215584528,0.3242262479896459,360.0,1.0,0,True,False,False,-0.46329016543668533,-0.6998340827805801
LP002116,0,0,0,1,0,-0.49564664768414457,-0.5544873301529852,-1.186982022526589,360.0,1.0,0,True,False,False,-1.0501339778371297,1.1303148432272552
LP002119,1,1,1,0,0,-0.13916288626559187,-0.13415320833919506,0.1457370821806418,360.0,1.0,1,False,False,True,-0.2733160946047869,-0.5332180762767614
LP002126,1,1,3,0,0,-0.36540556757028914,-0.5544873301529852,-0.8538022463497813,360.0,1.0,1,False,True,False,-0.9198928977232743,0.9281539714709541
LP002128,1,1,2,1,0,-0.4620624697931504,0.2424032343922801,-0.2469390825991673,360.0,1.0,1,True,False,False,-0.21965923540087032,1.124191669649183
LP002129,1,1,0,1,0,-0.47582379146555775,0.2861809134745951,0.16953563762184234,360.0,1.0,1,False,True,False,-0.18964287799096263,-0.8939731321200551
LP002130,1,1,0,0,0,-0.3080667272685918,0.5502150404398075,0.07434141585704014,360.0,0.0,0,True,False,False,0.2421483131712157,0.30700777917240984
LP002131,1,1,2,0,0,-0.3801498407907256,0.18699710930372518,-0.23503980487856702,360.0,1.0,1,False,False,True,-0.19315273148700043,1.216859855250795
LP002137,1,1,0,1,0,0.15228224772503557,1.0129587888645903,1.3475641319612697,360.0,1.0,1,False,True,False,1.165241036589626,1.1564681380474366
LP002138,1,1,0,1,0,-0.4551818089569467,1.5830946562881771,0.49081613607804975,360.0,1.0,1,True,False,False,1.1279128473312303,0.43515430934169813
LP002139,1,1,0,1,0,0.6028017072383719,-0.5544873301529852,0.9786865226226611,360.0,1.0,1,False,True,False,0.04831437708538666,10.0
LP002140,1,0,0,1,0,0.5482478963227571,0.8706813318470665,1.930628740270683,360.0,1.0,0,True,False,False,1.4189292281698236,1.3606237026781558
LP002141,1,1,3,1,0,-0.4484649733787479,0.15792599428812537,-0.6039174142171756,360.0,1.0,1,True,False,False,-0.29053897909062254,2.07861064325144
LP002142,0,1,0,1,1,0.015815807806995857,-0.5544873301529852,-0.4849246370111728,360.0,0.0,0,True,False,False,-0.5386715223459894,0.9002232657469224
LP002143,0,1,0,1,0,-0.48827451107392633,-0.3817707056485393,-0.18744269399616592,360.0,1.0,1,False,True,False,-0.8700452167224657,0.21544017528454265
LP002144,0,0,0,1,0,-0.2605574024471854,-0.5544873301529852,-0.3540325820845698,180.0,1.0,1,False,False,True,-0.8150447326001706,0.4343719650271569
LP002149,1,1,2,1,0,0.47993276373473476,0.5286682140164806,0.2290320262248437,360.0,1.0,1,True,False,False,1.0086009777512153,0.2270789254393698
LP002151,1,1,1,1,0,-0.2504002364508847,-0.5544873301529852,-0.9370971903939832,360.0,1.0,0,False,False,True,-0.80488756660387,1.1642584992932075
LP002158,1,1,0,0,0,-0.3937473372051281,0.015306524152771011,-0.5444210256141742,480.0,0.0,0,False,False,True,-0.3784408130523571,1.4385896204563269
LP002160,1,1,3,1,0,-0.03873800310861906,0.5286682140164806,0.6455067464458534,360.0,1.0,1,False,True,False,0.4899302109078615,1.317548361122091
LP002161,0,0,1,1,0,-0.11147641766277228,-0.5544873301529852,-0.7705073023055794,360.0,1.0,0,False,True,False,-0.6659637478157575,1.1569808489316515
LP002170,1,1,2,1,0,-0.06609682119542894,0.6996747729317736,1.0738807443874632,360.0,1.0,1,False,True,False,0.6335779517363447,1.6949465199103786
LP002175,1,1,0,1,0,-0.10705313569664134,0.24342927374577186,-0.18744269399616592,360.0,1.0,1,False,False,True,0.1363761380491305,-1.3744537473897251
LP002178,1,1,0,1,0,-0.39161760885106506,0.4828384562271821,-0.6039174142171756,300.0,1.0,1,False,False,True,0.09122084737611702,-6.620388119473775
LP002180,1,0,0,1,1,0.23239279888940703,-0.5544873301529852,-0.05655063906956289,360.0,1.0,1,True,False,False,-0.32209453126357823,0.17557155921807951
LP002181,1,0,0,0,0,0.13311469253846817,-0.5544873301529852,-0.1517448608343651,360.0,1.0,0,True,False,False,-0.42137263761451704,0.36012034785511
LP002187,1,0,0,1,0,-0.4756599662075529,-0.5544873301529852,-0.5920181364965753,480.0,1.0,0,False,True,False,-1.0301472963605383,0.5746927051967688
LP002188,1,0,0,1,0,-0.04578248920282759,-0.5544873301529852,-0.2588383603197676,360.0,0.0,0,True,False,False,-0.6002698193558128,0.4312033555135977
LP002190,1,1,1,1,0,0.15097164566099677,-0.5544873301529852,0.34802480343084646,360.0,1.0,1,False,True,False,-0.4035156844919885,-0.8624814766964932
LP002191,1,1,0,1,0,2.3470492292160055,1.2465537483428806,5.048239503067955,360.0,1.0,0,True,False,False,3.593602977558886,1.4047849844829534
LP002194,0,0,0,1,1,1.6964991296787477,-0.5544873301529852,-1.0798885230411865,360.0,1.0,1,False,True,False,1.1420117995257626,-0.9456018961359474
LP002197,1,1,2,1,0,-0.03578914846453177,-0.5544873301529852,0.11003924901884096,360.0,1.0,1,False,True,False,-0.590276478617517,-0.18641984392900635
LP002201,1,1,2,1,1,0.6421197691595358,2.1381819465272183,2.787376736153903,300.0,1.0,1,True,False,False,2.780301715686754,1.002544695213196
LP002205,1,0,1,1,0,-0.38359017120882744,0.12509273497638912,-0.41352897068757116,180.0,0.0,0,False,False,True,-0.2584974362324383,1.5997410911098169
LP002209,0,0,0,1,0,-0.4324100980942726,-0.055490191238160284,-0.4254282484081714,360.0,1.0,1,False,False,True,-0.4879002893324329,0.8719573603661138
LP002211,1,1,0,1,0,-0.09607684341031641,-0.23880922239535438,-0.3064354712021687,180.0,1.0,1,False,False,True,-0.3348860658056708,0.9150439582039476
LP002219,1,1,3,1,0,0.5482478963227571,1.1542102065286222,-0.18744269399616592,360.0,1.0,1,True,False,False,1.7024581028513792,-0.11010120817788445
LP002223,1,1,0,1,0,-0.17913624921877516,-0.5544873301529852,-0.18744269399616592,360.0,1.0,1,False,True,False,-0.7336235793717604,0.2555025482641694
LP002224,1,0,0,1,0,-0.3824433944027935,-0.5544873301529852,-0.8895000795115822,480.0,1.0,0,False,False,True,-0.9369307245557787,0.9493765720334504
LP002225,1,1,2,1,0,-0.002041145315532749,-0.5544873301529852,-0.18744269399616592,360.0,1.0,1,False,False,True,-0.556528475468518,0.33680701394185764
LP002226,1,1,0,1,0,-0.3391935262895132,0.30054546442347974,-0.21124124943736647,360.0,1.0,1,False,True,False,-0.03864806186603348,5.465765661667487
LP002229,1,0,0,1,0,0.08806274658713453,0.8929121845060546,1.7878374076234798,360.0,1.0,1,False,True,False,0.9809749310931891,1.8225108011997113
LP002231,0,0,0,1,0,0.09772843680942066,-0.5544873301529852,0.12193852673944124,360.0,1.0,1,False,False,True,-0.45675889334356456,-0.26696475649730067
LP002234,1,0,0,1,1,0.2889125129010801,-0.5544873301529852,-0.21124124943736647,360.0,1.0,1,False,False,True,-0.2655748172519051,0.7954114460973092
LP002236,1,1,2,1,0,-0.13719698316953366,-0.5544873301529852,-0.5444210256141742,360.0,1.0,0,False,False,True,-0.6916843133225189,0.7870946544949636
LP002237,1,0,1,1,0,-0.28447589011589347,-0.5544873301529852,-0.3897304152463706,180.0,1.0,1,False,False,True,-0.8389632202688787,0.4645381416380401
LP002239,1,0,0,0,0,-0.5008890559402998,-0.007266341624047663,-0.16364413855496537,360.0,1.0,1,False,True,False,-0.5081553975643475,0.3220356200865567
LP002243,1,1,0,0,0,-0.39210908462507965,0.5180658073637324,-0.21124124943736647,360.0,0.0,0,False,False,True,0.12595672273865277,-1.67709388466442
LP002244,1,1,0,1,0,-0.5030187842943628,0.27215837564354106,-0.11604702767256427,360.0,1.0,1,False,False,True,-0.2308604086508217,0.502671845513738
LP002250,1,1,0,1,0,0.01384990471093766,-0.5544873301529852,-0.2469390825991673,360.0,1.0,1,True,False,False,-0.5406374254420476,0.4567554353035394
LP002255,1,0,3,1,0,0.6165630289107793,-0.5544873301529852,0.4670175806368492,360.0,1.0,1,True,False,False,0.06207569875779406,7.523355998924003
LP002262,1,1,3,1,0,0.6717721408584136,-0.5544873301529852,1.537952575490874,360.0,1.0,1,True,False,False,0.1172848107054284,10.0
LP002263,1,1,0,1,0,-0.4620624697931504,0.16887041405870412,-0.3064354712021687,360.0,1.0,1,False,False,True,-0.2931920557344463,1.0451697623066478
LP002265,1,1,2,0,0,-0.5587193720160116,0.0012839863217169861,-0.3897304152463706,180.0,1.0,1,False,True,False,-0.5574353856942946,0.6991490408542241
LP002266,1,1,2,1,0,-0.3773648114046432,-0.07566896519016486,-0.3897304152463706,360.0,1.0,1,False,False,True,-0.45303377659480804,0.8602678991746442
LP002272,1,1,2,1,0,-0.34853156599578966,-0.3889529811229816,-0.12794630539316454,360.0,1.0,1,False,True,False,-0.7374845471187712,0.17349015093676112
LP002277,0,0,0,1,0,-0.3642587907642552,-0.5544873301529852,-0.8895000795115822,360.0,0.0,0,False,False,True,-0.9187461209172405,0.968167439578999
LP002281,1,1,0,1,0,-0.3883411036909681,-0.055490191238160284,-0.6039174142171756,360.0,1.0,1,False,False,True,-0.4438312949291284,1.3606913733147412
LP002284,1,0,0,0,0,-0.2459769544847538,0.015306524152771011,-0.4373275261287717,360.0,1.0,1,True,False,False,-0.23067043033198278,1.8958976471295705
LP002287,0,0,0,1,0,-0.6394852242124025,0.061136281942069534,-0.5087231924523733,360.0,0.0,0,False,True,False,-0.578348942270333,0.879612903682955
LP002288,1,1,2,0,0,-0.4119319408436664,-0.5544873301529852,-1.1988813002471892,180.0,0.0,0,False,False,True,-0.9664192709966517,1.2405395217448463
LP002296,1,0,0,0,0,-0.4338845254163163,-0.5544873301529852,-0.9608957458351838,300.0,1.0,0,True,False,False,-0.9883718555693015,0.9722006352373403
LP002297,1,0,0,1,0,-0.4756599662075529,6.285775026458735,-0.5087231924523733,360.0,1.0,1,False,True,False,5.8101150602511815,-0.08755819586649981
LP002300,0,0,0,0,0,-0.5636341297561571,-0.5544873301529852,-1.1036870784823871,360.0,1.0,1,False,True,False,-1.1181214599091422,0.9870905067612886
LP002301,0,0,0,1,1,0.3338006335944089,-0.5544873301529852,0.5741110801222516,360.0,1.0,0,True,False,False,-0.2206866965585763,-2.601475707756887
LP002305,0,0,0,1,0,-0.14030966307162582,-0.5544873301529852,-0.36593185980517007,360.0,1.0,1,False,True,False,-0.6947969932246111,0.5266745011472339
LP002308,1,1,0,0,0,-0.5302137771231679,0.2663441526404211,-0.36593185980517007,360.0,1.0,1,False,False,True,-0.26386962448274676,1.3867903913627493
LP002314,0,0,0,0,0,-0.5226778152549447,-0.5544873301529852,-0.9489964681145835,360.0,1.0,1,True,False,False,-1.07716514540793,0.8810129738789421
LP002315,1,1,1,1,0,0.4745265302205747,-0.5544873301529852,0.07434141585704014,300.0,0.0,0,False,True,False,-0.07996079993241051,-0.9297232633975606
LP002317,1,1,3,1,0,12.38462278717314,-0.5544873301529852,2.5493911817418975,360.0,0.0,0,True,False,False,11.830135457020154,0.21549974562878366
LP002318,0,0,1,0,1,-0.25171083851492354,-0.5544873301529852,-0.9965935789969846,360.0,1.0,0,False,True,False,-0.8061981686679087,1.236164528435569
LP002319,1,1,0,1,0,0.13966770285866215,-0.5544873301529852,0.16953563762184234,360.0,1.0,1,False,False,True,-0.4148196272943231,-0.40869724204624797
LP002328,1,1,0,0,0,0.11345566157788621,-0.5544873301529852,0.8596937454166583,360.0,0.0,0,True,False,False,-0.441031668575099,-1.9492789445125058
LP002332,1,1,0,0,0,-0.5161248049347508,0.14082533839659606,-0.4254282484081714,360.0,1.0,1,True,False,False,-0.3752994665381547,1.1335700855970183
LP002335,0,1,0,0,0,-0.5331626317672551,0.5526091322646216,0.38372263659264727,360.0,0.0,0,False,True,False,0.019446500497366515,10.0
LP002337,0,0,0,1,0,-0.3945664634951524,-0.5544873301529852,-1.0203921344381852,360.0,1.0,1,False,False,True,-0.9490537936481376,1.075167857994461
LP002341,0,0,1,1,0,-0.45927744040706797,-0.5544873301529852,0.16953563762184234,360.0,1.0,0,False,False,True,-1.0137647705600532,-0.16723370405560906
LP002342,1,1,2,1,1,-0.6231026984119176,6.285775026458735,1.1095785775492641,360.0,1.0,0,False,False,True,5.662672328046817,0.19594610340661947
LP002345,1,1,0,1,0,-0.717302221764706,0.3939150455912297,-0.4016296929669709,360.0,1.0,1,True,False,False,-0.32338717617347634,1.2419468753192688
LP002347,1,1,0,1,0,-0.35344632373593515,-0.0698547421870449,-0.09224847223136372,360.0,1.0,1,False,True,False,-0.42330106592298006,0.2179263877595536
LP002348,1,1,0,1,0,0.06971431769059137,-0.5544873301529852,-0.09224847223136372,360.0,1.0,1,True,False,False,-0.48477301246239385,0.19029209518654852
LP002357,0,0,0,0,0,-0.439618409446486,-0.5544873301529852,-0.7824065800261797,360.0,0.0,0,False,False,True,-0.9941057395994712,0.7870456319278613
LP002361,1,1,0,1,0,-0.5870611416508507,0.03343321939779207,-0.5444210256141742,360.0,1.0,1,False,False,True,-0.5536279222530586,0.9833698838717965
LP002362,1,1,1,1,0,0.30251000931548266,0.015648537270601597,-0.4254282484081714,360.0,0.0,0,False,False,True,0.3181585465860843,-1.3371580080846992
LP002364,1,1,0,1,0,1.5524967278924848,-0.5544873301529852,-0.5920181364965753,360.0,1.0,1,False,True,False,0.9980093977394996,-0.593198959686654
LP002366,1,1,0,1,0,-0.4484649733787479,0.9161690765185344,-0.2945361934815684,360.0,1.0,1,True,False,False,0.4677041031397865,-0.6297490047752221
LP002367,0,0,1,0,0,-0.13064397284933968,-0.5544873301529852,-0.7705073023055794,360.0,1.0,0,True,False,False,-0.6851313030023249,1.1246126091876505
LP002368,1,1,2,1,0,0.08707979503910543,-0.5544873301529852,-0.1517448608343651,360.0,1.0,1,False,True,False,-0.4674075351138798,0.32465214921576685
LP002369,1,1,0,1,0,-0.4068533578455161,-0.5489740784062651,-0.6991116359819778,360.0,1.0,1,True,False,False,-0.9558274362517811,0.731420347927552
LP002370,1,0,0,0,0,-0.44010988522050054,-0.5544873301529852,-1.0203921344381852,180.0,1.0,1,False,False,True,-0.9945972153734858,1.025935040502816
LP002377,0,0,1,1,1,0.527605913814146,-0.5544873301529852,0.05054286041583959,360.0,1.0,1,False,True,False,-0.026881416338839226,-1.880215676835951
LP002379,1,0,0,1,0,0.17964106581184544,-0.5544873301529852,-0.4849246370111728,360.0,0.0,0,True,False,False,-0.37484626434113977,1.2936627176037507
LP002386,1,0,0,1,0,1.2241909108507665,-0.5544873301529852,3.0848586791689097,360.0,1.0,1,False,True,False,0.6697035806977812,4.606304592181987
LP002387,1,1,0,1,0,-0.48794686055791664,0.24582336557058596,-0.03275208362836234,360.0,1.0,1,False,True,False,-0.24212349498733068,0.13527015885044993
LP002390,1,0,0,1,0,-0.2708783937014909,-0.5544873301529852,-0.5444210256141742,360.0,1.0,1,False,False,True,-0.8253657238544762,0.659611866448386
LP002393,0,1,0,1,0,0.7607292559550469,-0.5544873301529852,-0.21124124943736647,240.0,1.0,1,False,True,False,0.2062419258020617,-1.0242400938405842
LP002398,1,0,0,1,0,-0.5696956643023365,0.07857895095142942,-1.1393849116441879,360.0,1.0,1,False,True,False,-0.4911167133509071,2.3199880612291186
LP002401,1,1,0,1,0,-0.5226778152549447,-0.169722572593576,-0.21124124943736647,360.0,1.0,1,False,False,True,-0.6924003878485208,0.30508540021728087
LP002403,1,0,0,1,1,0.8211807761588364,-0.5544873301529852,0.49081613607804975,360.0,0.0,0,False,False,True,0.2666934460058512,1.8403756951240613
LP002407,0,1,0,0,1,0.2848168814509589,-0.5544873301529852,-0.09224847223136372,360.0,1.0,1,True,False,False,-0.26967044870202633,0.3420785357660532
LP002408,1,0,0,1,0,-0.2856226669219274,1.1774670985411022,0.49081613607804975,360.0,1.0,1,False,True,False,0.8918444316191748,0.550338286226619
LP002409,1,1,0,1,0,0.4091602522766397,0.07242271483047887,0.40752119203384785,360.0,1.0,1,True,False,False,0.48158296710711856,0.8462118053755893
LP002418,1,0,3,0,0,-0.11409762179084987,0.12714481368337263,0.026744304974639036,360.0,1.0,1,False,True,False,0.013047191892522764,2.0498131088242806
LP002422,1,0,1,1,0,5.294101795465245,-0.5544873301529852,0.07434141585704014,360.0,1.0,1,False,True,False,4.73961446531226,0.015685118779411585
LP002424,1,1,0,1,0,0.31610750572988516,2.2955079807292877,0.34802480343084646,300.0,1.0,1,True,False,False,2.611615486459173,0.13326035369115471
LP002429,1,1,1,1,1,-0.3174047669748682,-0.1406514575779762,-0.18744269399616592,360.0,1.0,1,True,False,False,-0.4580562245528444,0.4092132885633154
LP002434,1,1,2,0,0,-0.1231080109811166,-0.5544873301529852,-0.4254282484081714,360.0,1.0,1,True,False,False,-0.6775953411341018,0.6278500198896373
LP002435,1,1,0,1,0,-0.3054455231405142,-0.08387728001809892,-1.0798885230411865,360.0,1.0,0,True,False,False,-0.3893228031586131,2.773761295973284
LP002443,1,1,2,1,0,-0.3380467494834793,0.030355101337316795,0.05054286041583959,360.0,0.0,0,True,False,False,-0.3076916481461625,-0.16426464845685462
LP002444,1,0,1,0,1,-0.4315909718042484,-0.027103102458221652,0.5265139692398506,360.0,1.0,0,False,True,False,-0.45869407426247005,-1.1478543080950578
LP002446,1,1,2,0,0,-0.5069505904864792,-0.12526086727559982,-0.2469390825991673,360.0,0.0,0,True,False,False,-0.632211457762079,0.3905957090263591
LP002447,1,1,2,0,0,-0.5644532560461814,-0.05651623059165205,-1.0203921344381852,300.0,1.0,1,False,False,True,-0.6209694866378334,1.6432242749365658
LP002448,1,1,0,1,0,-0.2384409926165307,0.03822140304742027,0.03864358269523931,360.0,0.0,0,True,False,False,-0.20021958956911043,-0.1930060029510778
LP002449,1,1,0,1,0,-0.47844499559363535,0.2889170184172398,-0.6634138028201769,180.0,0.0,1,True,False,False,-0.18952797717639552,3.5003476146570764
LP002453,1,0,0,1,1,0.27547884174468246,-0.5544873301529852,-0.7348094691437785,360.0,1.0,1,False,True,False,-0.2790084884083028,2.6336455687629607
LP002455,1,1,2,1,0,-0.2530214405789623,-0.5544873301529852,-0.5920181364965753,360.0,1.0,1,False,True,False,-0.8075087707319475,0.7331414319623479
LP002459,1,1,0,1,0,-0.1806106765408188,-0.5544873301529852,-0.3302340266433692,360.0,1.0,1,False,False,True,-0.735098006693804,0.4492380929294563
LP002467,1,1,0,1,0,-0.2777590545376946,0.32414436955379017,0.3242262479896459,360.0,1.0,0,False,False,True,0.04638531501609555,6.989846848666231
LP002472,1,0,2,1,0,-0.17192793786656177,-0.5544873301529852,-0.11604702767256427,360.0,1.0,1,True,False,False,-0.726415268019547,0.1597530128860694
LP002473,1,1,0,1,0,0.4800965889927396,-0.5544873301529852,0.16953563762184234,360.0,1.0,0,False,True,False,-0.07439074116024563,-2.2789884194948993
LP002478,1,1,0,1,1,-0.5439750987955752,0.8419522299492973,0.16953563762184234,360.0,1.0,1,False,True,False,0.29797713115372215,0.5689551978885968
LP002484,1,1,3,1,0,0.38278438573785895,-0.5544873301529852,-0.21124124943736647,180.0,1.0,1,False,False,True,-0.1717029444151263,1.2302715609037456
LP002487,1,1,0,1,0,-0.39128995833505537,0.1938373716603369,0.08624069357764041,360.0,1.0,1,True,False,False,-0.19745258667471846,-0.43676659308450855
LP002489,0,0,1,0,0,-0.03480619691650267,-0.5544873301529852,-0.16364413855496537,360.0,1.0,1,False,True,False,-0.5892935270694879,0.27769546251212923
LP002493,1,0,0,1,0,-0.2027270863714735,-0.5544873301529852,-0.5682195810553747,360.0,0.0,0,False,True,False,-0.7572144165244588,0.7504077691275978
LP002494,1,0,0,1,0,0.09772843680942066,-0.5544873301529852,-0.06844991679016317,360.0,1.0,1,True,False,False,-0.45675889334356456,0.14986006356460052
LP002500,1,1,3,0,0,-0.4024300758793852,0.01462249791710984,-0.9013993572321825,180.0,0.0,0,False,False,True,-0.38780757796227533,2.32434694022371
LP002501,1,1,0,1,0,1.8493480953972723,-0.5544873301529852,-0.4254282484081714,360.0,1.0,1,False,True,False,1.294860765244287,-0.3285513468530422
LP002502,0,1,2,0,0,-0.8508198070386584,0.4431649345588341,-0.5682195810553747,360.0,1.0,1,False,True,False,-0.40765487247982435,1.3938741308274123
LP002505,1,1,0,1,0,-0.17536826828466362,0.28378682164978103,-0.4254282484081714,360.0,1.0,0,False,False,True,0.10841855336511741,-3.923943229305702
LP002515,1,1,1,1,1,-0.3200259711029458,0.15655794181680302,0.1933341930630429,360.0,1.0,1,False,True,False,-0.16346802928614276,-1.1827033940968412
LP002517,1,1,1,0,0,-0.4505947017328109,-0.04146765340710626,-0.3897304152463706,180.0,0.0,0,True,False,False,-0.49206235513991714,0.7920346093851284
LP002519,1,1,3,1,0,-0.11671882591892746,-0.5544873301529852,-0.5444210256141742,360.0,1.0,1,False,True,False,-0.6712061560719127,0.8111085106851212
LP002522,0,0,0,1,1,-0.4756599662075529,-0.5544873301529852,-0.6277159696583761,360.0,1.0,1,False,False,True,-1.0301472963605383,0.6093458400328448
LP002524,1,0,2,1,0,0.021058216063151045,1.0351896415235784,0.1933341930630429,360.0,1.0,1,True,False,False,1.0562478575867293,0.1830386605514777
LP002527,1,1,2,1,1,1.8219892773104625,-0.20768602867277106,0.05054286041583959,360.0,1.0,1,True,False,False,1.6143032486376914,0.03130939645849852
LP002529,1,1,2,1,0,0.21240611741281537,0.04403562605054023,1.0024850780638617,300.0,1.0,1,False,True,False,0.2564417434633556,3.9092117551724277
LP002530,1,1,2,1,0,-0.414553144971744,0.08576122642587172,-0.16364413855496537,360.0,0.0,0,False,True,False,-0.3287919185458723,0.49771338443689306
LP002531,1,1,1,1,1,1.845252463947151,0.21504218496583322,-0.711010913702578,360.0,1.0,1,False,True,False,2.060294648912984,-0.3451015679129725
LP002533,1,1,2,1,0,-0.4024300758793852,-0.0062403022705559055,-0.21124124943736647,360.0,1.0,0,False,False,True,-0.40867037814994106,0.5168988523064966
LP002534,0,0,0,0,0,-0.17258323889858118,-0.5544873301529852,0.09813997129824069,360.0,1.0,1,True,False,False,-0.7270705690515664,-0.13497998059013755
LP002536,1,1,3,0,0,-0.3781839376946674,-0.5544873301529852,-0.3897304152463706,360.0,1.0,1,True,False,False,-0.9326712678476526,0.4178647168425812
LP002537,1,1,0,1,0,-0.5439750987955752,0.5228539910133606,-0.21124124943736647,360.0,1.0,1,False,True,False,-0.021121107782214543,10.0
LP002541,1,1,0,1,0,0.8894959087468587,-0.5544873301529852,1.0500821889462626,360.0,1.0,1,False,True,False,0.33500857859387345,3.1344934310451302
LP002543,1,1,2,1,0,0.47993276373473476,-0.5544873301529852,1.192873521593466,360.0,1.0,1,False,True,False,-0.07455456641825048,-10.0
LP002544,1,1,1,0,0,-0.5644532560461814,0.27865662488232223,-0.17554341627556563,360.0,1.0,1,True,False,False,-0.2857966311638591,0.6142249317659706
LP002545,1,0,2,1,0,-0.3041349210764754,-0.5544873301529852,-0.7824065800261797,360.0,0.0,0,True,False,False,-0.8586222512294606,0.9112349218831125
LP002547,1,1,1,1,0,2.1181853437832308,-0.5544873301529852,4.215290062625936,360.0,1.0,0,False,False,True,1.5636980136302454,2.695718755080986
LP002555,1,1,2,1,1,-0.13441195378345122,0.15792599428812537,0.16953563762184234,360.0,1.0,1,False,True,False,0.02351404050467415,7.209974720769144
LP002556,1,0,0,1,0,-0.4863086079778681,-0.5544873301529852,-0.841902968629181,360.0,1.0,0,False,False,True,-1.0407959381308534,0.8089030114213737
LP002560,1,0,0,0,0,-0.4430587398645879,0.3980192030051967,-0.5920181364965753,360.0,1.0,1,False,True,False,-0.04503953685939116,10.0
LP002562,1,1,1,0,0,-0.011543010279814025,-0.1676704938865925,0.47891685835744946,360.0,1.0,1,False,False,True,-0.17921350416640652,-2.6723257300563525
LP002571,1,0,0,0,0,-0.28054408392377705,-0.5544873301529852,-0.4254282484081714,360.0,1.0,1,True,False,False,-0.8350314140767623,0.5094757409558521
LP002582,0,0,0,0,1,1.9428923177180415,-0.5544873301529852,0.9429886894608602,360.0,1.0,1,False,True,False,1.3884049875650564,0.6791884917632325
LP002585,1,1,0,1,0,-0.2959436581762329,0.18323496500758873,-0.3183347489227689,360.0,0.0,0,True,False,False,-0.11270869316864418,2.8244028031311643
LP002586,0,1,1,1,0,-0.34034030309554714,-0.24222935357366024,-0.4849246370111728,84.0,1.0,1,False,True,False,-0.5825696566692073,0.8323891082547764
LP002587,1,1,0,0,0,-0.45927744040706797,0.026934970159010935,-0.46112608156997226,360.0,1.0,1,True,False,False,-0.43234247024805705,1.0665759514798547
LP002588,1,1,0,1,0,-0.12753129294724755,0.4226441474889989,-0.41352897068757116,12.0,1.0,1,False,False,True,0.2951128545417514,-1.4012570592009461
LP002600,1,1,1,1,1,-0.41094898929563733,-0.5544873301529852,-0.6039174142171756,360.0,1.0,1,False,True,False,-0.9654363194486226,0.6255383209138882
LP002602,1,0,0,1,0,0.1440909848247931,0.9558425981868824,0.7526002459312559,360.0,0.0,0,True,False,False,1.0999335830116754,0.6842233545325502
LP002603,0,0,0,1,0,-0.7795558198065489,0.7051469828170629,-0.3897304152463706,480.0,1.0,1,True,False,False,-0.07440883698948597,5.237689917145726
LP002606,0,0,0,1,0,-0.36769912118235704,-0.5544873301529852,-0.5444210256141742,360.0,1.0,1,False,True,False,-0.9221864513353423,0.5903589505417727
LP002615,1,1,2,1,0,-0.08821323102608364,1.3689944445262303,0.7407009682106556,360.0,1.0,1,False,True,False,1.2807812135001466,0.5783196695916955
LP002618,1,1,1,0,0,-0.22173081630003605,1.2588662205847816,-0.09224847223136372,360.0,1.0,0,True,False,False,1.0371354042847456,-0.08894544709423197
LP002619,1,1,0,0,0,-0.26039357718918055,-0.04728187641022622,-0.2588383603197676,300.0,1.0,1,False,True,False,-0.3076754535994068,0.8412707523193415
LP002622,1,1,2,1,0,-0.31019645562265485,0.9558425981868824,1.157175688431665,360.0,1.0,1,True,False,False,0.6456461425642276,1.7922753845254353
LP002624,1,1,0,1,0,2.5277484887953547,1.7257141264235314,3.9773045082139302,360.0,1.0,1,False,False,True,4.253462615218886,0.9350745188127756
LP002625,1,0,0,1,0,-0.2982372117883008,-0.5544873301529852,-0.5920181364965753,360.0,1.0,0,False,False,True,-0.8527245419412861,0.6942665625042352
LP002626,1,1,0,1,1,-0.4791002966256548,0.47599819387057035,0.50271541379865,360.0,1.0,1,False,False,True,-0.003102102755084435,-10.0
LP002634,0,0,1,1,0,1.2874274604406384,-0.5544873301529852,-1.2583776888501907,360.0,1.0,1,False,False,True,0.7329401302876531,-1.7168901481166299
LP002637,1,0,0,0,0,-0.29577983291822807,-0.11431644750502108,-0.5444210256141742,360.0,1.0,0,True,False,False,-0.41009628042324914,1.3275444123811417
LP002640,1,1,1,1,0,0.10837707857973587,0.13090695797950908,1.2404706324758672,360.0,1.0,1,False,True,False,0.23928403655924496,5.184092722243658
LP002643,1,1,2,1,0,-0.3473847891897557,0.14150936463225725,0.026744304974639036,360.0,1.0,1,False,False,True,-0.20587542455749844,-0.12990528146874414
LP002648,1,1,0,1,0,-0.5362753116693473,1.725372113305701,-0.9013993572321825,180.0,1.0,0,False,True,False,1.1890968016363537,-0.7580538068824492
LP002652,1,0,0,1,0,0.06742076407852347,0.6993327598139429,1.966326573432484,360.0,1.0,0,True,False,False,0.7667535238924664,2.5644832559103463
LP002659,1,1,3,1,0,-0.3174047669748682,0.6179336377702636,0.05054286041583959,360.0,1.0,1,True,False,False,0.30052887079539536,0.1681797169172806
LP002670,0,1,2,1,0,-0.5524940122118274,0.003678078146531088,-0.3897304152463706,480.0,1.0,1,False,True,False,-0.5488159340652963,0.7101295553856892
LP002682,1,1,0,0,0,-0.3816242681127693,0.061136281942069534,-0.2707376380403678,360.0,0.0,0,False,True,False,-0.32048798617069973,0.8447668858830993
LP002683,1,0,0,1,0,-0.11802942798296626,0.10046779049258692,0.4670175806368492,360.0,1.0,0,False,True,False,-0.01756163749037934,-10.0
LP002684,0,0,0,0,0,-0.3282172340031883,-0.5544873301529852,-0.6039174142171756,360.0,1.0,0,True,False,False,-0.8827045641561735,0.6841670913920037
LP002689,1,1,2,0,0,-0.5261181456730466,0.041299521107895545,-1.1988813002471892,360.0,1.0,1,False,True,False,-0.48481862456515107,2.47284497645383
LP002690,1,0,0,1,0,-0.4756599662075529,-0.5544873301529852,-1.0798885230411865,360.0,1.0,1,False,True,False,-1.0301472963605383,1.0482855479564734
LP002692,1,1,3,1,1,0.044812878473854234,-0.0674606503622308,-0.5444210256141742,360.0,1.0,1,True,False,False,-0.022647771888376564,10.0
LP002693,1,1,2,1,1,0.41686003940286764,1.8963786722209939,3.9773045082139302,360.0,1.0,1,True,False,False,2.3132387116238613,1.7193662237400125
LP002697,1,0,0,1,0,-0.11852090375698081,0.15929404675944772,-0.21124124943736647,360.0,1.0,0,False,True,False,0.04077314300246691,-5.180891976480343
LP002699,1,1,2,1,1,1.9817189038651908,-0.5544873301529852,3.0253622905659086,360.0,1.0,1,True,False,False,1.4272315737122057,2.1197417057534618
LP002705,1,1,0,1,0,-0.2667827622513697,-0.5544873301529852,-0.4254282484081714,360.0,1.0,1,False,True,False,-0.821270092404355,0.518012590915962
LP002706,1,1,1,0,0,-0.019406622664046805,-0.06540857165524729,0.1814349153424426,360.0,0.0,1,False,True,False,-0.08481519431929409,-2.1391793864129496
LP002714,1,0,1,0,0,-0.44633524502468486,-0.10918625073756229,-0.6158166919377758,360.0,1.0,1,False,True,False,-0.5555214957622472,1.1085380073237234
LP002716,1,0,0,0,0,0.2260036138272179,-0.5544873301529852,-0.18744269399616592,360.0,1.0,1,False,True,False,-0.32848371632576734,0.5706300942183486
LP002717,1,1,0,1,0,-0.717302221764706,1.3265848179152375,0.8358951899754578,360.0,1.0,1,True,False,False,0.6092825961505315,1.3719334759546267
LP002720,1,1,3,1,0,-0.1838871817009158,-0.5544873301529852,-0.5444210256141742,360.0,1.0,1,False,False,True,-0.738374511853901,0.7373236980340085
LP002723,1,0,2,1,0,-0.2974180854982766,-0.5544873301529852,-0.4254282484081714,360.0,0.0,0,True,False,False,-0.8519054156512618,0.49938436895948296
LP002729,1,0,1,1,0,0.957811041334881,-0.5544873301529852,0.5979096355634522,360.0,1.0,0,False,True,False,0.4033237111818958,1.48245595036142
LP002731,0,0,0,0,1,2.0906627004384157,-0.5544873301529852,-0.2469390825991673,360.0,1.0,1,False,False,True,1.5361753702854304,-0.16074927861477467
LP002732,1,0,0,0,0,-0.46746870330731044,0.14390345645707134,-0.23503980487856702,360.0,1.0,1,True,False,False,-0.32356524685023913,0.7264062106996128
LP002734,1,1,0,1,0,0.11951719612406565,0.7814159080932835,2.1210171838002876,360.0,1.0,1,False,False,True,0.9009331042173492,2.354244919929809
LP002738,1,0,2,1,0,-0.29266715301613594,-0.5544873301529852,-0.46112608156997226,360.0,1.0,1,False,True,False,-0.8471544831691211,0.5443234861308237
LP002739,1,1,0,0,0,-0.40734483361953067,-0.3711682989957912,-0.9489964681145835,360.0,1.0,0,True,False,False,-0.7785131326153218,1.2189858184235676
LP002740,1,1,3,1,0,0.16604356939744294,-0.5544873301529852,0.1338378044600415,180.0,1.0,1,True,False,False,-0.3884437607555423,-0.3445487300393765
LP002741,0,1,1,1,0,-0.13031632233333,0.4185399900750319,-0.06844991679016317,180.0,1.0,1,False,True,False,0.28822366774170194,-0.23748888259761544
LP002743,0,0,0,1,0,-0.5349647096053085,-0.5544873301529852,-0.5563203033347744,360.0,0.0,0,False,True,False,-1.0894520397582936,0.5106423073549892
LP002753,0,0,1,1,0,-0.2869332689859662,-0.5544873301529852,-0.6039174142171756,360.0,1.0,1,False,True,False,-0.8414205991389514,0.7177354759738241
LP002755,1,1,1,0,0,-0.5184183585468186,0.3087537792514138,-0.21124124943736647,360.0,1.0,1,False,False,True,-0.20966457929540483,1.0075199642555752
LP002757,0,1,0,0,0,-0.3909623078190457,-0.32773263303130673,-0.5206224701729736,360.0,1.0,1,False,True,False,-0.7186949408503525,0.7243997982746038
LP002767,1,1,0,1,0,-0.4317547970622532,0.11243824961665744,0.11003924901884096,360.0,1.0,1,True,False,False,-0.3193165474455958,-0.3446086646592881
LP002768,1,0,0,0,0,-0.33509789483939195,-0.5544873301529852,-0.7824065800261797,36.0,1.0,0,False,True,False,-0.8895852249923772,0.8795184070563717
LP002772,1,0,0,1,0,-0.47140050949942686,0.05532205893894957,-0.00895352818716179,360.0,1.0,1,True,False,False,-0.41607845056047726,0.021518846205807983
LP002776,0,0,0,1,0,-0.06609682119542894,-0.5544873301529852,-0.5087231924523733,360.0,0.0,0,False,True,False,-0.6205841513484142,0.8197489274371771
LP002777,1,1,0,1,0,-0.4289697676761708,0.1350111153934761,-0.4254282484081714,360.0,1.0,1,True,False,False,-0.2939586522826947,1.4472383959600033
LP002778,1,1,2,1,1,0.20142982512649044,-0.5544873301529852,-0.21124124943736647,360.0,0.0,0,True,False,False,-0.3530575050264948,0.5983196686939543
LP002784,1,1,1,0,0,-0.47697056827159173,0.25779382469465645,-0.21124124943736647,360.0,1.0,1,True,False,False,-0.21917674357693528,0.9637940868631287
LP002785,1,1,1,1,0,-0.3391935262895132,0.5570553027964192,0.1457370821806418,360.0,1.0,1,False,False,True,0.21786177650690602,0.6689428706463433
LP002788,1,1,0,0,0,-0.483195928075776,0.24342927374577186,0.41942046975444813,360.0,0.0,0,False,False,True,-0.23976665433000413,-1.7492860753571533
LP002789,1,1,0,1,0,-0.2965989592082523,0.9045406305122945,-0.16364413855496537,180.0,0.0,0,True,False,False,0.6079416713040422,-0.26917736730227215
LP002792,1,1,1,1,0,0.010573399550840669,-0.2015297925518205,-1.4249675769385945,360.0,1.0,1,False,True,False,-0.19095639300097983,7.462266931965367
LP002794,0,0,0,1,0,-0.44830114812074306,0.0012839863217169861,-0.7348094691437785,360.0,1.0,1,False,False,True,-0.44701716179902606,1.6438059473746574
LP002795,1,1,3,1,1,0.7758011796914931,-0.5544873301529852,1.3594634096818698,360.0,1.0,1,False,True,False,0.22131384953850786,6.142694695865962
LP002798,1,1,0,1,0,-0.24843433335482654,0.35834568133684874,0.1933341930630429,360.0,1.0,1,False,True,False,0.1099113479820222,1.7590012006282176
LP002804,0,1,0,1,0,-0.20043353275940562,0.23419491956434604,0.43131974747504837,360.0,1.0,1,False,True,False,0.033761386804940424,10.0
LP002807,1,1,2,0,0,-0.28316528805185465,-0.4717201556379834,-0.44922680384937197,360.0,1.0,1,False,True,False,-0.754885443689838,0.5950926827434588
LP002813,0,1,1,1,1,2.306748215746812,-0.5544873301529852,5.405217834685963,360.0,1.0,1,False,True,False,1.7522608855938269,3.084710661023618
LP002820,1,1,0,1,0,0.08511389194304723,0.14800761387103836,0.7763988013724563,360.0,1.0,1,True,False,False,0.23312150581408558,3.3304469214935253
LP002821,1,0,0,0,1,0.06496338520845074,-0.5544873301529852,-0.16364413855496537,360.0,1.0,1,False,True,False,-0.4895239449445345,0.3342924084612594
LP002832,1,1,2,1,0,0.5562753339649946,-0.5544873301529852,1.3356648542406693,360.0,0.0,0,False,False,True,0.0017880038120093866,10.0
LP002833,1,1,0,0,0,-0.15341568371201378,-0.5544873301529852,-0.3064354712021687,360.0,1.0,1,True,False,False,-0.707903013864999,0.4328777603715749
LP002836,1,0,0,1,0,-0.3391935262895132,-0.5544873301529852,-0.9013993572321825,360.0,1.0,1,False,False,True,-0.8936808564424985,1.0086367529684022
LP002837,1,1,3,1,0,-0.3282172340031883,0.30054546442347974,-0.2707376380403678,360.0,0.0,0,True,False,False,-0.02767176957970857,9.783893193404479
LP002840,0,0,0,1,0,-0.49564664768414457,-0.5544873301529852,-1.627255298188799,360.0,1.0,0,False,False,True,-1.0501339778371297,1.5495692288143237
LP002841,1,1,0,1,0,-0.3665523443763231,0.15142774504934423,-0.49682391473177306,360.0,0.0,0,False,False,True,-0.2151245993269789,2.3094704942442448
LP002842,1,1,1,1,0,-0.32543220461710587,0.04403562605054023,0.47891685835744946,360.0,1.0,1,False,False,True,-0.28139657856656564,-1.7019285053039814
LP002847,1,1,0,1,0,-0.04709309126686639,-0.05822629618080497,0.2290320262248437,360.0,0.0,0,False,False,True,-0.10531938744767136,-2.174642596916354
LP002855,1,1,2,1,0,1.8450886386891463,-0.5544873301529852,1.537952575490874,360.0,1.0,1,False,False,True,1.2906013085361612,1.1916558315249703
LP002862,1,1,2,0,0,0.11820659406002686,0.0012839863217169861,0.49081613607804975,480.0,1.0,0,False,True,False,0.11949058038174384,4.107571781055959
LP002863,1,1,3,1,0,0.16424149155938958,-0.5544873301529852,0.05054286041583959,360.0,1.0,0,False,True,False,-0.39024583859359563,-0.1295154372382052
LP002868,1,1,2,1,0,-0.36769912118235704,-0.3968192828330851,-0.44922680384937197,84.0,1.0,1,False,False,True,-0.7645184040154421,0.5875944928073938
LP002872,1,1,0,1,0,-0.37949453975870623,0.2013616602526098,-0.11604702767256427,360.0,0.0,0,False,True,False,-0.17813287950609644,0.6514632671650753
LP002874,1,0,0,1,0,-0.3562313531220176,0.3822865995849898,-0.4254282484081714,360.0,1.0,1,False,False,True,0.026055246462972192,-10.0
LP002877,1,1,1,1,0,-0.5932865014550349,0.20888594884488268,-0.46112608156997226,360.0,1.0,1,True,False,False,-0.38440055261015227,1.1995978633194961
LP002888,1,0,0,1,0,-0.3639311402482455,0.4431649345588341,0.1814349153424426,360.0,1.0,1,False,False,True,0.07923379431058858,2.2898678136154356
LP002892,1,1,2,1,0,0.18619407613203942,-0.5544873301529852,0.7050031350488547,360.0,1.0,1,False,True,False,-0.3682932540209458,-1.914243954652396
LP002893,1,0,0,1,0,-0.584439937522773,11.018210537880554,-0.6634138028201769,360.0,1.0,0,False,False,True,10.43377060035778,-0.06358332267698391
LP002894,0,1,0,1,0,-0.3665523443763231,-0.5544873301529852,-1.3059747997325917,360.0,1.0,1,False,True,False,-0.9210396745293083,1.4179354438775964
LP002898,1,1,1,1,0,-0.5772316261705597,-0.5544873301529852,-1.0084928567175848,360.0,1.0,0,True,False,False,-1.131718956323545,0.8911159887201436
LP002911,1,1,1,1,0,-0.4286421171601611,0.10115181672824809,0.002945749533438485,360.0,0.0,0,True,False,False,-0.327490300431913,-0.008994921466539501
LP002912,1,1,1,1,0,-0.1835595311849061,0.4715520233387727,0.31232697026904566,84.0,1.0,0,True,False,False,0.28799249215386663,1.0844969184202822
LP002916,1,1,0,1,0,-0.5089164935825374,-0.03394336481483337,-0.49682391473177306,360.0,1.0,1,False,False,True,-0.5428598583973708,0.9151973700882858
LP002917,0,0,0,0,0,-0.5305414276391776,-0.5544873301529852,-0.9013993572321825,360.0,1.0,1,False,True,False,-1.0850287577921627,0.8307607985122598
LP002925,1,0,0,1,0,-0.10705313569664134,-0.5544873301529852,-0.6158166919377758,360.0,1.0,1,False,True,False,-0.6615404658496266,0.9308828767517237
LP002926,1,1,2,1,1,-0.4386354578984569,-0.5544873301529852,-0.4730253592905725,360.0,0.0,0,False,True,False,-0.9931227880514422,0.4763009820957512
LP002928,1,1,0,1,0,-0.3937473372051281,0.6138294803562965,-1.0679892453205864,180.0,1.0,1,False,True,False,0.22008214315116836,-4.852684684131843
LP002931,1,1,2,1,1,0.09772843680942066,-0.5544873301529852,0.7050031350488547,240.0,1.0,0,False,True,False,-0.45675889334356456,-1.543490767936873
LP002933,1,0,3,1,1,0.6476898279317007,-0.5544873301529852,1.7402402967410786,360.0,1.0,1,False,True,False,0.09320249777871548,10.0
LP002936,1,1,0,1,0,-0.2530214405789623,0.5741559586879486,-0.044651361348962616,180.0,1.0,1,True,False,False,0.32113451810898624,-0.13904254706686153
LP002938,1,1,0,1,1,1.7556400478184984,-0.5544873301529852,1.3594634096818698,360.0,1.0,1,False,False,True,1.2011527176655132,1.1317989708453056
LP002940,1,0,0,0,0,-0.2572808972870884,-0.5544873301529852,-0.4254282484081714,360.0,1.0,1,True,False,False,-0.8117682274400737,0.524076003503817
LP002941,1,1,2,0,1,0.16047351062527804,-0.21247421232239924,0.49081613607804975,360.0,1.0,0,True,False,False,-0.052000701697121204,-9.438644480930565
LP002943,1,0,0,1,0,-0.39587706555919117,-0.5544873301529852,-0.6872123582613775,360.0,0.0,0,False,True,False,-0.9503643957121763,0.723104065516259
LP002945,1,1,0,1,1,0.7469679342826396,-0.5544873301529852,0.40752119203384785,360.0,1.0,1,True,False,False,0.1924806041296544,2.1172065303750953
LP002948,1,1,2,1,0,0.061686880048353744,-0.5544873301529852,0.5503125246810512,360.0,1.0,1,False,False,True,-0.49280045010463147,-1.1167045901930666
LP002949,0,0,3,1,0,-0.8170718038896595,13.696173250494041,2.4303984045358944,180.0,1.0,0,False,False,True,12.879101446604382,0.18870869327430267
LP002950,1,1,0,0,0,-0.4111128145536422,0.4004132948300108,0.11003924901884096,360.0,1.0,1,True,False,False,-0.010699519723631368,-10.0
LP002953,1,1,3,1,0,0.04907233518198032,-0.5544873301529852,-0.21124124943736647,360.0,1.0,1,False,False,True,-0.505414994971005,0.41795603917427326
LP002958,1,0,0,1,0,-0.2830014627938498,0.916511089636365,0.31232697026904566,360.0,1.0,1,True,False,False,0.6335096268425151,0.4930106142596747
LP002959,0,1,1,1,0,1.0806799848385182,-0.5544873301529852,4.167692951743534,360.0,1.0,1,False,True,False,0.526192654685533,7.920469650482409
LP002960,1,1,0,0,0,-0.4920424920080379,0.7451625176032415,-0.21124124943736647,180.0,1.0,0,False,False,True,0.2531200255952036,-0.8345497316565115
LP002961,1,1,1,1,0,-0.3282172340031883,0.30054546442347974,0.3242262479896459,360.0,1.0,1,False,True,False,-0.02767176957970857,-10.0
LP002964,1,1,2,0,0,-0.23205180755434157,-0.07190682089402842,0.1338378044600415,360.0,1.0,1,True,False,False,-0.30395862844836996,-0.4403158585865742
LP002974,1,1,0,1,0,-0.355739877348003,0.11243824961665744,-0.44922680384937197,360.0,1.0,1,True,False,False,-0.24330162773134556,1.8463781275865925
LP002978,0,0,0,1,0,-0.4101298630056131,-0.5544873301529852,-0.8895000795115822,360.0,1.0,1,True,False,False,-0.9646171931585983,0.9221275401477675
LP002979,1,1,3,1,0,-0.21255660185176448,-0.5544873301529852,-1.2583776888501907,180.0,1.0,1,True,False,False,-0.7670439320047497,1.6405549100183723
LP002983,1,1,1,1,0,0.437174371395469,-0.4724041818736446,1.276168465637668,360.0,1.0,1,False,False,True,-0.03522981047817558,-10.0
LP002984,1,1,2,1,0,0.35706382023109756,-0.5544873301529852,0.49081613607804975,360.0,1.0,1,False,False,True,-0.19742350992188767,-2.4861078413216613
LP002990,0,0,0,1,1,-0.13441195378345122,-0.5544873301529852,-0.1517448608343651,360.0,0.0,0,False,True,False,-0.6888992839364365,0.22027147418020296
